smiles,assay_type,standard_value_nM,pActivity
COc1cc2nccc(Nc3cc(OC)c(OC)c(OC)c3)c2cc1OC,IC50,27000.0,4.568636235841013
COCOc1cc(C(C)(C)C)ccc1-c1ccc(C(=O)OC)cc1,IC50,10000.0,5.0
O=C(Nc1ccccc1)c1c(SSc2[nH]c3ccccc3c2C(=O)Nc2ccccc2)[nH]c2ccccc12,IC50,100000.0,4.0
COc1cc2c(cc1OC)Sc1ncnc(Oc3cccc(Cl)c3F)c1NC2,IC50,19300.0,4.714442690992226
CN1CCC(NC(=O)c2cnc(Nc3cc(Cl)cc(Cl)c3)nc2NC2CCC(N(C)C)CC2)CC1,IC50,30000.0,4.522878745280337
Nc1nc(N)c2c(n1)[nH]c1cccc(Sc3cccc4ccccc34)c12,IC50,167300.0,3.776504059037605
N#C/C(=C\c1ccc(O)c(O)c1)C(=O)NC1CCC(CC2CCC(NC(=O)/C(C#N)=C/c3ccc(O)c(O)c3)CC2)CC1,IC50,20300.0,4.692503962086787
Cc1ccc(-c2nnc(SCc3ccccc3)o2)c(O)c1,IC50,34250.0,4.465339424171556
O=C1CSC(N2N=C(c3ccc(F)cc3)CC2c2ccc(Cl)cc2)=N1,IC50,10920.0,4.961777361631282
CC#CC(=O)N1CCCC[C@H]1c1nc(-c2ccc(C(=O)Nc3cc(C(F)(F)F)ccn3)cc2)c(C(N)=O)n1N,IC50,11802.0,4.928044389697019
C[C@@H](NC(=O)c1ccc(S(=O)(=O)Oc2ccc(/C=C/[N+](=O)[O-])cc2)cc1)C(=O)N[C@H](C)C(=O)OC(C)(C)C,IC50,40000.0,4.3979400086720375
Nc1nc(Nc2cccc(Br)c2)c2ccn(Cc3ccc(Cl)cc3)c2n1,IC50,99900.0,4.000434511774018
CN1CCN(C(=O)Cn2c(-c3ccccc3)csc2=N)CC1,Ki,41580.0,4.3811155150045495
COc1cc2ncc(C#N)c(Nc3cccc(NC(C)=O)c3)c2cc1OC,IC50,69183.1,4.159999981744464
N#CC(C#N)=Cc1cc(O)cc(O)c1,IC50,37000.0,4.431798275933005
C=CC(=O)Nc1cc(Nc2nccc(-c3cn(C)c4cccnc34)n2)c(OC)cc1N(C)CCNC,IC50,12000.0,4.920818753952375
Cc1ccccc1-c1nnc(Cc2nc3ccccc3[nH]2)o1,IC50,39709.575,4.401104761038422
CN(C(=O)c1ccc(N(CCCl)CCCl)cc1)c1ccccc1,IC50,14720.0,4.83209218999852
CC(C)n1nc(-c2ccc3nccc(NC(=O)OC(C)(C)C)c3c2)c2c(N)ncnc21,IC50,100000.0,4.0
Nc1scc2c1c(Nc1ccc(S(N)(=O)=O)cc1)nc1ncnc(N)c12,IC50,29500.0,4.530177984021837
Nc1cc2ncnc(NCc3ccccc3C(F)(F)F)c2cn1,IC50,10000.0,5.0
CSc1ccc(/C=C2/C(C)=C(CC(=O)O)c3cc(F)ccc32)cc1,IC50,23981.0,4.620132710919122
O=C(Nc1cccc(C(F)(F)F)c1)c1ccccc1NCc1ccncc1,IC50,10400.0,4.982966660701219
CC(=O)c1cccc(NC(=O)c2cc3ccccc3[nH]2)c1,IC50,57000.0,4.2441251443275085
CC(=O)N1N=C(c2ccc(C)c(C)c2)CC1c1ccc(Cl)cc1,IC50,19730.0,4.704872914747809
Nc1nc(Nc2ccc(Cl)cc2)c2cc(Cc3cccc4ccccc34)[nH]c2n1,IC50,12620.0,4.898940645091884
O=C(c1ccccc1)c1cccc(NC(=O)c2cc3ccccc3[nH]2)c1,IC50,45000.0,4.346787486224656
CC(C)(C)NC(=O)c1ccc(N(CCCl)CCCl)cc1,IC50,31430.0,4.50265561898242
Nc1cccc(Nc2nccc(-c3cccnc3)n2)c1,IC50,50000.0,4.301029995663981
CC(=O)c1ccccc1-c1nnc(Cc2nc3ccccc3[nH]2)o1,IC50,65431.81,4.184211065913775
C=CC(=O)Nc1ccc2ncnc(Nc3ccc(S(=O)(=O)NC(=N)N)cc3)c2c1,IC50,53300.0,4.273272790973428
O=C(Nc1cnn(-c2ccccc2)c1)c1ccc(NS(=O)(=O)c2ccc(Cl)cc2)cc1,IC50,18690.0,4.728390698621168
CC(C)NCC#CC(=O)Nc1ccc2ncc(C#N)c(Nc3cccc(Br)c3)c2c1,IC50,250034.54,3.601999993346908
C[C@@H](O)c1nc2cnc(Nc3ccnc(N4CC[C@H](O)[C@H](F)C4)n3)cc2n1[C@H](C)C(F)(F)F,IC50,130540.5,3.8842547281895667
N#CC(C#N)=Cc1ccc[nH]1,IC50,260000.0,3.585026652029182
COc1cc(C=C(C#N)C#N)cc([N+](=O)[O-])c1O,IC50,160000.0,3.795880017344075
COc1cc2c(C#N)cnc(Nc3cccc(Br)c3)c2cc1OC,IC50,70794.58,4.149999990420336
CC(C)(C)C(=O)Nc1nc(Nc2ccc(F)c(C(F)(F)F)c2)c2cc(CCc3ccccn3)[nH]c2n1,IC50,26900.0,4.570247719997592
O=C1/C(=C\c2ccc(O)c(O)c2)Oc2ccccc21,IC50,100000.0,4.0
Cc1nn(C)cc1C(=O)Nc1ccn(Cc2c(F)cccc2Cl)n1,IC50,72400.0,4.140261433802853
Clc1ccc(Nc2ncc3c(n2)-c2ccc(Cl)cc2SC3)cc1,IC50,45700.0,4.34008379993015
CC(C)n1nc(-c2cnc3nccnc3c2)c2c(N)ncnc21,IC50,70000.0,4.154901959985743
COc1cc2c(cc1OC)Sc1ncnc(N(C)c3cccc(Cl)c3)c1NC2,IC50,27000.0,4.568636235841013
CCOC(=O)c1ccc(NC(=O)CSc2nnc(CNc3ccc(OC)cc3)n2-c2ccccc2)cc1,IC50,92400.0,4.0343280287798935
CCC(=O)Nc1ccc2c(C#N)cnc(Nc3cccc(Br)c3)c2c1,IC50,20800.0,4.681936665037238
CCC/C=C/C(=O)Nc1cc(Nc2ncc(-c3cc4ccccc4n3C)c(C)n2)c(OC)cc1N(C)CCN(C)C,IC50,99650.0,4.001522696963494
CC(C)(C)C(=O)Nc1nc(Nc2cccc(C(F)(F)F)c2)c2cc(CCc3ccccn3)[nH]c2n1,IC50,12800.0,4.892790030352131
Fc1ccc(C2CC(c3ccc(Br)cc3)=NN2c2nc(-c3ccc(Cl)cc3)cs2)cc1,IC50,24160.0,4.616903070050906
COc1cc(OC)cc(C2CC(c3ccc(Cl)c(Cl)c3)=NN2C(C)=O)c1,IC50,25470.0,4.593971055036385
Cc1ncc([N+](=O)[O-])n1CCOC(=O)/C=C/c1cccc(F)c1,IC50,12420.0,4.905878404159439
Clc1ccc(COC(Cn2ccnc2)c2ccc(Cl)cc2Cl)cc1,IC50,32404.0,4.489401376500078
Cc1nc(O)c2c(ccc3[nH]c(Nc4c(Cl)cccc4Cl)nc32)c1C,IC50,100000.0,4.0
O=C1Nc2ccccc2/C1=C/c1cc2c([nH]1)CCC(Br)C2,IC50,13300.0,4.876148359032914
N#CC(C#N)=Cc1ccc(C(=O)O)cc1,IC50,430000.0,3.366531544420414
c1ccc(Cc2nnc(Cc3nc4ccccc4[nH]3)o2)cc1,IC50,25001.725,4.6020300260425016
Cc1cccc(NC(=O)/C=C/c2ccccc2)c1,IC50,19690.0,4.705754283861882
Cc1c(O)cccc1C(=O)N[C@@H](CSc1ccccc1)[C@H](O)CN1C[C@H]2CCCC[C@H]2C[C@H]1C(=O)NC(C)(C)C,IC50,55629.0,4.25469874696885
N#C/C(=C\c1ccc(O)c(O)c1)C(=O)O,IC50,27500.0,4.560667306169737
N#CN1CCC[C@@H](n2nc(-c3ccc(Oc4ccc(F)cc4F)cc3)c(C(N)=O)c2N)C1,IC50,16800.0,4.774690718274137
COc1cc2ncc(C#N)c(Nc3ccc(F)c(Cl)c3)c2cc1NC(=O)/C=C/C(C)N1CCOCC1,IC50,10595.0,4.974899038953186
O=C1CSC(N/N=C/c2cccc(F)c2)=N1,IC50,13530.0,4.8687022034023775
N#Cc1cnc(Nc2cccc(Br)c2)c2cc(NC(=O)c3ccco3)ccc12,IC50,55600.0,4.2549252084179425
COc1cc2c(cc1OC)Sc1nc(C)nc(Nc3ccc4[nH]cnc4c3)c1NC2,IC50,14500.0,4.838631997765025
O=[N+]([O-])c1ccc(C2CC(c3ccc(Br)cc3)=NN2c2nc(-c3ccc(Cl)cc3)cs2)cc1,IC50,24370.0,4.613144470815276
NC(=S)N/N=C(/C=C/c1ccc(Br)cc1)c1ccccc1,IC50,26560.0,4.57577192930402
CC(C)n1nc(-c2cc3cc(C=O)ccc3s2)c2c(N)ncnc21,IC50,100000.0,4.0
Fc1cccc(COc2ccc(Nc3cc(-c4cccnc4)ncn3)cc2Cl)c1,IC50,47000.0,4.327902142064283
Cc1ccc(-n2nc(C)c(C3C(C#N)=C(N)N(c4cccnc4)C4=C3C(=O)CCC4)c2Cl)cc1,IC50,10120.0,4.99481948749622
Oc1cccc(Nc2nnnc3sc4c(c23)CCC4)c1,IC50,52110.0,4.283078926833239
O=C(N/N=C/c1cccn1CCCN1CCCC1)Nc1ccc(Oc2ccnc3[nH]ccc23)cc1,IC50,45000.0,4.346787486224656
O=C1CSC(N/N=C/c2cccc(O)c2)=N1,IC50,19320.0,4.713992877920526
N#C/C(=C\c1ccc(O)cc1)C(N)=O,IC50,800000.0,3.0969100130080562
CN1C(=O)C(=C(C#N)C#N)c2cc(O)ccc21,IC50,26000.0,4.585026652029182
Cc1ccc(S(=O)(=O)c2c(SSc3[nH]c4ccccc4c3S(=O)(=O)c3ccc(C)cc3)[nH]c3ccccc23)cc1,IC50,28700.0,4.542118103266008
Clc1ccc2c(c1)SCc1cnc(Nc3ccccc3)nc1-2,IC50,21180.0,4.674074044228534
S=C(Nc1ccc2c(c1)OCO2)Nc1c2ccccc2nc2ccccc12,IC50,102600.0,3.988852639224203
C[C@@H](O)c1c(O)cc2c(c1O)C(=O)c1c(O)cc(O)cc1C2=O,IC50,37500.0,4.425968732272281
COC(=O)c1ccc(NCc2cc(O)ccc2O)cc1O,IC50,10000.0,5.0
Nc1ncnc2c1c(-c1ccc(Cl)c(O)c1)nn2CC1CCNCC1,IC50,100000.0,4.0
Nc1ncnc2c1c(-c1ccccc1)cn2C1CCNC1,IC50,13400.0,4.872895201635193
Cn1c(SSc2c(C(=O)Nc3ccccc3)c3cccnc3n2C)c(C(=O)Nc2ccccc2)c2cccnc21,IC50,22300.0,4.651695136951839
COc1ccc(CNc2ncnc3ccccc23)cc1,IC50,10000.0,5.0
Cc1cc(C)c(O)c(CN(Cc2ccc(F)cc2)C(=O)Nc2ccccc2)c1,IC50,27350.0,4.56304266933055
CCc1ccc(C(=O)NNc2ccc(Cl)cc2C)cc1,IC50,65600.0,4.1830961606243395
NC(=S)N1N=C(c2ccc(Br)c(Br)c2)CC1c1ccccc1Br,IC50,10970.0,4.959793372425289
N#C/C(=C\c1ccc(O)c(O)c1)C(=O)N1CCN(C(=O)/C(C#N)=C/c2ccc(O)c(O)c2)CC1,IC50,10000.0,5.0
N#C/C(=C/c1cc(O)ccc1O)C(=O)O,IC50,75000.0,4.1249387366083
COc1cccc(-c2ccc3c(c2)NC(=O)/C3=C\c2[nH]c(C)c(CCC(=O)O)c2C)c1,IC50,24100.0,4.617982957425132
c1ccc(CSc2nnc(-c3ccccc3)o2)cc1,IC50,16630.0,4.779107750780481
COc1ccccc1CNc1ncnc2cc(N)ncc12,IC50,100000.0,4.0
c1cncc(-c2nnc(Cc3nc4ccccc4[nH]3)o2)c1,IC50,100000.0,4.0
COc1cc2nccc(Nc3ccc(F)c(Cl)c3)c2cc1NC(=O)/C=C/C(C)N1CCOCC1,IC50,10590.0,4.975104039892515
O=c1oc2cc3ncnc(NCc4ccccc4)c3cc2n1CCCN1CCOCC1,IC50,65000.0,4.187086643357144
COc1cc2c(cc1OC)Sc1ncnc(Nc3cccc(Cl)c3F)c1NC2,IC50,62900.0,4.201349354554731
CCOC(=O)C1=C(N)N(c2cccnc2)C2=C(C(=O)CC(C)(C)C2)C1c1c(C)nn(-c2ccccc2)c1Cl,IC50,11180.0,4.951558196449596
COc1cc2ncc(C#N)c(Nc3cccc(C(C)C)c3)c2cc1OC,IC50,61659.5,4.210000001311122
O=C(NNC(=O)c1ncc(Cc2ccsc2)s1)Nc1ccccc1,IC50,40900.0,4.388276691992658
COc1ccc(OC)c(Cc2cc3c(N(C)c4cccc(Br)c4)nc(N)nc3[nH]2)c1,IC50,143500.0,3.843148098929989
NC(=S)N1N=C(c2ccc(Br)c(Br)c2)CC1c1ccc(Br)cc1,IC50,10060.0,4.997402019280091
N#Cc1cnc(Nc2cccc(Br)c2)c2cc(NC(=O)c3ccoc3)ccc12,IC50,45200.0,4.3448615651886175
NC(=S)N1N=C(c2ccc(Cl)c(Cl)c2)CC1c1ccccc1Cl,IC50,7280.0,5.137868620686962
Nc1nc(Nc2cccc(Br)c2)c2cc(CCc3ccccc3Cl)[nH]c2n1,IC50,3400.0,5.468521082957745
CN1CCN(c2ccc(Nc3ncc(Br)c(Nc4ccc5c(c4)CCC5)n3)cc2)CC1,IC50,3417.5,5.466291476760141
CN(C)c1ccc(Nc2ncnc3ccncc23)c(N)c1,IC50,4897.79,5.309999839831226
CO[C@H]1[C@@H](N(C)C(=O)c2cccc(Cl)c2)C[C@@H]2O[C@@]1(C)n1c3ccccc3c3c4c(c5c6ccccc6n2c5c31)C(=O)NC4,IC50,4600.0,5.337242168318426
COc1cc(/C=C2\CCC/C(=C\c3ccc(OC)c(O)c3)C2=O)cc(OC)c1,IC50,5335.0,5.272865576239511
COc1cc(NC(=O)/C=C/CN2CCOCC2)cc2c(Nc3cccc(Br)c3)ccnc12,IC50,5390.0,5.268411234813261
O=C1CSC(N2N=C(c3ccc(Br)cc3)CC2c2ccc(Cl)cc2)=N1,IC50,4120.0,5.3851027839668655
COCCn1c(=O)oc2cc3ncnc(Nc4ccc(OC)c(OC)c4)c3cc21,IC50,5500.0,5.259637310505756
C=CC(=O)Nc1cc(-c2cn(C)c3ccccc23)ccn1,IC50,9000.0,5.045757490560675
COc1cc(/C=N/NC(=O)COC2=NC(C)=NC3C2C(C)=NN3c2ccccc2)cc(OC)c1OC,IC50,4180.0,5.3788237182249645
CS(=O)(=O)Nc1ccc2c(c1)CNc1c(Nc3cccc(Br)c3)ncnc1O2,IC50,5550.0,5.255707016877324
N=c1scc(-c2ccc(Cl)cc2)n1CC(=O)N1CCN(c2ccccc2)CC1,Ki,5820.0,5.235077015350111
COc1cc(C(C#N)=C(C#N)C#N)cc(O)c1O,IC50,6000.0,5.221848749616356
Cc1ncc([N+](=O)[O-])n1CCOC(=O)/C=C/c1ccccc1,IC50,7830.0,5.106238237942057
C=CC(=O)N1CCC(C2CCNc3c(C(N)=O)c(-c4cc(OC)c(C)c(OC)c4)nn32)CC1,IC50,3326.0,5.4780777551165
CONC(=O)c1cc(Nc2ncnn3cc(NC(=O)OCCCS(C)(=O)=O)c(C(C)C)c23)c(F)cc1F,IC50,4200.0,5.376750709602099
C[C@H](NC(=O)[C@H](C)NC(=O)c1ccc(S(=O)(=O)Oc2ccc(/C=C/[N+](=O)[O-])cc2)cc1)C(=O)O,IC50,7000.0,5.154901959985743
CC(C)n1nc(-c2cc(F)c(O)cc2F)c2c(N)ncnc21,IC50,6900.0,5.161150909262744
Nc1ncnc2c1c(-c1ccc(Oc3ccccc3)cc1)nn2C[C@@H]1CCCN1C(=O)/C=C/CN1CCOCC1,IC50,6238.0,5.204954629578875
CN(C)C/C=C/C(=O)Nc1cccc(Oc2nc(Nc3n[nH]c4ccccc34)cc(N3CCN(C)CC3)n2)c1,IC50,3600.0,5.443697499232712
O=C(Cn1c(-c2ccccc2)cc(=O)n2ncnc12)NNC(=S)Nc1ccccc1,IC50,6800.0,5.167491087293763
Cc1ccc2[nH]c(SSc3[nH]c4ccc(C)cc4c3CCC(=O)O)c(CCC(=O)O)c2c1,IC50,8400.0,5.075720713938118
CC#CC(=O)Nc1cccc(-c2c(-c3ccccc3)oc3ncnc(N[C@H](CO)c4ccccc4)c23)c1,IC50,3217.0,5.492548939098031
C=CC(=O)Nc1cc(Nc2ncc(Cl)c(-c3c4n(c5ccccc35)CCOC4)n2)c(OC)cc1N(C)CCN(C)C,IC50,2969.0,5.527389802403955
CN(c1ccccc1)c1ncnc2ccc(N/N=N/Cc3ccccn3)cc12,IC50,9300.0,5.031517051446064
COc1ccc(/C=N/NC2=NC(=O)CS2)cc1,IC50,5780.0,5.2380721615794705
CC(=O)N1N=C(c2ccc(F)cc2)CC1c1ccc(C(=O)OCCn2c([N+](=O)[O-])cnc2C)cc1,IC50,5021.715,5.299147938664031
O=C1N=C(N2CCC[C@H]2C(=O)Nc2ccc3ncnc(Nc4cccc(Cl)c4)c3c2)S/C1=C/c1cccnc1Cl,IC50,7400.0,5.130768280269024
CC#CC(=O)Nc1cnc2ncc(C#N)c(Nc3ccc(F)c(Cl)c3)c2c1,IC50,5278.6,5.277481246575393
C=CC(=O)N1CCc2c(sc3ncnc(Nc4ccc(Br)c(C)c4)c23)C1,IC50,4400.0,5.356547323513812
COc1cc(-c2nn(C(C)C)c3ncnc(N)c23)cc(OC)c1OC,IC50,5140.0,5.289036881004725
CC(=O)c1nn(-c2ccc(Cl)cc2)cc1C(=O)c1c(C)[nH]c(-c2ccccc2)c1-c1ccccc1,IC50,4480.0,5.3487219860018556
COc1cc2ncnc(Oc3ccc(Br)c(F)c3)c2cc1OC,IC50,5900.0,5.229147988357855
Nc1cc2ncnc(Nc3ccccc3N)c2cn1,IC50,5310.16,5.274892393029598
CSc1nn(-c2ccc(Br)cc2)c2nc(C)nc(Nc3ccc(OCCCC[N+](=O)[O-])cc3)c12,IC50,3000.0,5.522878745280337
CCOc1cc2nc(CC)nc(Nc3cccc(-c4csc(C)n4)c3)c2cc1OCC,IC50,9300.0,5.031517051446064
CC(=O)N1N=C(c2ccc(Br)cc2)CC1c1ccc(C(=O)OC(C)Cn2c([N+](=O)[O-])cnc2C)cc1,IC50,5965.175,5.22437681093421
c1ccc2c(Cc3nnc(Cc4nc5ccccc5[nH]4)o3)cccc2c1,IC50,5700.82,5.244062671369287
CSc1cn2c(-c3cn[nH]c3)cnc2c(Nc2cc(C)ns2)n1,IC50,5048.0,5.296880653763922
COc1cc(N2CCN(C)CC2)ccc1Nc1ncc(Cl)c(Oc2cccc(N=[N+]=[N-])c2)n1,IC50,6220.0,5.206209615309181
O=C1CSC(N/N=C/c2cccc(Br)c2)=N1,IC50,7460.0,5.127261172527332
Cn1cc(-c2ccnc(Nc3cc(OCCOCCn4ccnc4[N+](=O)[O-])ccc3F)n2)c2ccccc21,IC50,3930.5,5.405552199388266
COc1cc(N2CCN(C)CC2)ccc1Nc1ncc(Cl)c(Oc2cccc(NC(=O)CCN3CCCCC3)c2)n1,IC50,4527.0,5.3441895055047475
CCCC(=O)Nc1ccc2c(c1)/C(=C1/Nc3ccccc3/C1=N\O)C(=O)N2,IC50,8000.0,5.096910013008056
O=C(CBr)OCCn1c(=O)oc2cc3ncnc(Nc4ccc(OCc5ccc(Cl)cc5)cc4)c3cc21,IC50,6400.0,5.1938200260161125
CC(=O)N1N=C(c2ccc(C(F)(F)F)cc2)CC1c1ccc(C(=O)OC(C)Cn2c([N+](=O)[O-])cnc2C)cc1,IC50,6676.719999999999,5.175436836287815
Cc1ccc(C2=NN(C(N)=S)C(c3ccc([N+](=O)[O-])cc3)C2)cc1C,IC50,3060.0,5.514278573518419
Cc1ncnc(Nc2ccc(OCc3cccc(F)c3)c(Cl)c2)c1C#CCN1CCOCC1,IC50,4130.0,5.384049948343598
COc1cc2ncnc(Nc3ccc(F)c(Cl)c3)c2cc1OC(=O)/C=C/CN1CCCCC1,IC50,5011.87,5.300000202445418
C[C@H](CN)n1nc(-c2ccc(Cl)c(O)c2)c2c(N)ncnc21,IC50,4800.0,5.318758762624412
COc1cccc(-c2ccc3c(c2)NC(=O)/C3=C\c2[nH]c3c(c2CCC(=O)O)CCCC3)c1,IC50,8880.0,5.051587034221399
O=C1N=C(N2CCC[C@H]2C(=O)Nc2ccc3ncnc(Nc4cccc(Cl)c4)c3c2)S/C1=C/c1cccc(Br)n1,IC50,3100.0,5.508638306165727
N#C/C(=C\c1ccc(O)c(O)c1)C(=O)NCCCNC(=O)/C(C#N)=C/c1ccc(O)c(O)c1,IC50,3000.0,5.522878745280337
NC(=S)N1N=C(c2ccc(Cl)c(Cl)c2)CC1c1ccc(O)cc1,IC50,5270.0,5.278189384787453
COc1cc(/C=C2\CCC/C(=C\c3ccc(F)cc3)C2=O)cc(OC)c1,IC50,5645.0,5.248336053739013
CN(C)CCOc1ccc(/C=C/c2cc(-c3cc4c(=O)[nH]cnc4[nH]3)ccn2)cc1,IC50,3300.0,5.481486060122112
COc1cc2ncnc(Nc3ccc(NC(=O)OC(C)C)cc3)c2cc1OC,IC50,4800.0,5.318758762624412
COc1cc(C2=C(c3c[nH]c4ccc(Br)cc34)C(=O)NC2=O)cc(OC)c1OC,IC50,5797.0,5.236796699629228
Nc1ncnc2c1c(-c1ccc(Cl)c(O)c1)nn2CC1CCCN1,IC50,9380.0,5.027797161620935
O=C(Nc1ccccc1)c1cc2cc(O)c(O)cc2cn1,IC50,5600.0,5.251811972993799
CNC(=O)c1nn(C)c2c1C(C)(C)Cc1cnc(Nc3ccc(N4CCN(C)CC4)cc3)nc1-2,IC50,3069.0,5.513003111568177
COc1cc(/C=C(\C#N)C(N)=O)cc(CSc2ccccn2)c1O,IC50,9700.0,5.013228265733755
Fc1ccc(Nc2ncnc3c2NCc2cc(Br)ccc2O3)cc1Cl,IC50,5200.0,5.2839966563652006
Cn1c(SSc2c(C(=O)c3ccco3)c3ccccc3n2C)c(C(=O)c2ccco2)c2ccccc21,IC50,7700.0,5.113509274827518
CC(C)(C)c1ccc(-c2nnc(SCc3ccccc3)o2)cc1,IC50,7440.0,5.128427064454121
Cc1ccc(C2=NN(C3=NC(c4ccccc4)CS3)C(c3cccc4ccccc34)C2)cc1C,IC50,3960.0,5.402304814074488
Cn1c(SSc2c(C#N)c3ccccc3n2C)c(C#N)c2ccccc21,IC50,6900.0,5.161150909262744
COc1ccc(OC)c2c1CCC(=C\c1cc(OC)c(OC)c(OC)c1Br)/C2=N\O,IC50,4200.0,5.376750709602099
CCCCCCCCCCCCCCCC[n+]1ccccc1,IC50,3472.0,5.459420283495546
COc1cc(OC)c2c(c1)Oc1ncnc(Nc3cccc(Br)c3)c1NC2,IC50,6300.0,5.200659450546418
Clc1ccc(C2CC(c3ccc(Br)cc3)=NN2c2nc(-c3ccccc3)cs2)cc1,IC50,9370.0,5.028260409112222
O=C1CSC(N/N=C/c2ccc(O)cc2)=N1,IC50,4710.0,5.326979092871104
COc1cc(/C=C2\CC(C)c3ccccc3\C2=N\O)c(Br)c(OC)c1OC,IC50,3200.0,5.494850021680094
Oc1nnc(-c2c[nH]c(-c3ccccc3)c2-c2ccccc2)c2cn(-c3ccccc3)nc12,IC50,3600.0,5.443697499232712
Clc1cccc(Nc2ncnc3ccc(NCc4cccs4)cc23)c1,IC50,3400.0,5.468521082957745
COc1cc2ncnc(Nc3ccccc3N)c2cn1,IC50,3715.35,5.430000267796055
COc1ccc(CNc2nc(N)nc3[nH]c4ccc(O)cc4c23)cc1OC,Ki,3680.0,5.434152181326482
Cc1ccc(Oc2ccc(Nc3c(C#N)cnc4ccc(NC(=O)CC5CCSS5)cc34)cc2C)cn1,IC50,8630.0,5.06398920428479
COc1cc2ncnc(Nc3ccc(Br)cc3F)c2cc1OC,IC50,5700.0,5.2441251443275085
NC(Cc1c(SSc2[nH]c3ccccc3c2CC(N)C(=O)NCc2ccccc2)[nH]c2ccccc12)C(=O)NCc1ccccc1,IC50,7400.0,5.130768280269024
Cc1ccc(C2=NN(c3nc(-c4ccccc4)cs3)C(c3ccc([N+](=O)[O-])cc3)C2)cc1C,IC50,3850.0,5.414539270491499
O=C1CSCC(=O)N1c1nnc2c3ccccc3nc(Sc3ccc(Br)cc3)n12,IC50,4100.0,5.3872161432802645
Cc1[nH]c(-c2ccccc2)c(-c2ccccc2)c1C(=O)c1cn(-c2ccc(Cl)cc2)nc1C(=O)Nc1ccccc1,IC50,3780.0,5.422508200162774
Fc1ccc2c(c1)CNc1c(Nc3ccccc3)ncnc1O2,IC50,7000.0,5.154901959985743
COc1cc(N2CCN(C)CC2)ccc1Nc1ncc(Cl)c(Oc2ccccc2NC(C)=O)n1,IC50,5640.0,5.248720896016658
COc1cc2c(Oc3ccc(NS(=O)(=O)c4ccccc4OC(F)(F)F)cc3F)ccnc2cc1OCCCN1CCN(C)CC1,IC50,3081.0,5.5113083016830595
Cn1nccc1-c1nc(Nc2n[nH]c3ccccc23)c2c(n1)C(C)(C)OC2,IC50,3000.0,5.522878745280337
c1ccc(Nc2nc[nH]c3nnc(Nc4ccccc4)c2-3)cc1,IC50,6029.0,5.219754716134648
FC(F)(F)c1ccc(-n2cnnc2SCc2nc(COc3c(Cl)cccc3Cl)no2)cc1,IC50,6300.0,5.200659450546418
COc1cc(/C=C/C(=O)CC(=O)/C=C/c2ccc(O)c(OC)c2)ccc1O,IC50,8650.0,5.062983892535186
COc1ccc(C2=NN(C3=NC(=O)CS3)C(c3ccc(F)cc3)C2)cc1,IC50,5950.0,5.22548303427145
COc1ccc(C2=NN(c3nc(-c4ccccc4)cs3)C(c3ccc([N+](=O)[O-])cc3)C2)cc1,IC50,8630.0,5.06398920428479
Nc1nc(Nc2ccc3c(c2)CC[C@@H](N2CCCC2)CC3)nn1-c1cc2c(nn1)-c1ccccc1CCC2,IC50,3900.0,5.4089353929735005
COc1cc(C(=O)NS(=O)(=O)c2ccccc2C)ccc1Cc1cn(C)c2ccc(NC(=O)OC3CCCC3)cc12,IC50,5751.0,5.240256632402275
CCN(c1ccccc1)c1ncnc2cc(OC)c(OC)cc12,IC50,5500.0,5.259637310505756
CCOC(=O)C1=C(N)N(c2cccnc2)C2=C(C(=O)CCC2)C1c1c(C)nn(-c2ccc(Cl)cc2)c1Cl,IC50,6150.0,5.211124884224583
CC(C)n1nc(-c2cccc3[nH]ccc23)c2c(N)ncnc21,IC50,4600.0,5.337242168318426
COC(=O)Nc1ccc(Nc2ncnc3cc(OC)c(OC)cc23)cc1Cl,IC50,6150.0,5.211124884224583
O=C(/C=C/c1ccccc1Br)Nc1ccc2ncnc(Nc3cccc(Br)c3)c2c1,IC50,4280.0,5.368556230986828
COc1cc(N2CCC(N3CCN(CCS(C)(=O)=O)CC3)CC2)ccc1Nc1nccc(-c2c(-c3ccc(OC)c(C(=O)Nc4c(F)cccc4F)c3)nc3ccccn23)n1,IC50,1000.0,6.0
N#C/C(=C\c1cc(O)c(O)c(Br)c1)S(=O)(=O)/C(C#N)=C/c1cc(O)c(O)c(Br)c1,IC50,1400.0,5.853871964321762
Oc1cccc(O)c1O,IC50,1230.0,5.910094888560602
NCCc1cn(Cc2ccc(-c3ccccc3)cc2)c2ccc(OCCc3ccc(O)cc3)cc12,IC50,1300.0,5.886056647693163
CCOc1ccc(-c2nc3ccccn3c2-c2ccnc(Nc3ccc(C4CCN(CCS(C)(=O)=O)CC4)cc3OC)n2)cc1C(=O)Nc1c(F)cccc1F,IC50,1000.0,6.0
Nc1nc(Nc2ccc(Cl)cc2F)c2cc(CCc3ccccc3)[nH]c2n1,IC50,1320.0,5.8794260687941495
COc1cc(N2CCN(C)CC2)ccc1Nc1ncc(Cl)c(Oc2ccc(NC(=O)COCc3ccccc3)cc2)n1,IC50,2700.0,5.568636235841012
CN1CCN(Cc2ccc(C(=O)Nc3ccc(-c4cncc(C#N)c4Nc4ccc(OCc5cccc(F)c5)c(Cl)c4)cc3)cc2)CC1,IC50,2500.0,5.6020599913279625
COC(=O)CN1CCC(n2cc(-c3cccc(OC)c3)c3c(N)ncnc32)CC1,IC50,1470.0,5.8326826652518236
C=CC(=O)Nc1cc2c(Nc3ccc(Br)cc3F)ncnc2cc1OCCNC(=O)CN1CCC1,IC50,987.0,6.005682847330363
COc1cc2c(Oc3ccc(-c4cnc(Cc5ccccc5)n(C)c4=O)cc3F)ccnc2cc1OCCCN1CCOCC1,IC50,1700.0,5.769551078621726
COc1cccc(/C=C/C(=O)c2ccc(NC(=O)c3cc4cc5cc(OC)ccc5nc4s3)cc2)c1,IC50,2800.0,5.552841968657781
O=[N+]([O-])c1ccc2oc3nccc(NCc4ccc(Cl)cc4)c3c2c1,Ki,2520.0,5.598599459218455
COc1cc(Br)c(/C=C2\CC(C)CC(=C\c3nc(C)c(C)nc3C)/C2=N/O)cc1OC,IC50,2900.0,5.537602002101044
Fc1ccc(Nc2ncnc3c2NCc2ccccc2O3)cc1Cl,IC50,1900.0,5.721246399047171
C=CC(=O)N1CCC[C@@H](n2ncc3c(N)ncnc32)C1,IC50,2500.0,5.6020599913279625
COc1cc(/C=C2\CCC/C(=C\c3ccccc3F)C2=O)cc(OC)c1,IC50,2135.0,5.670602120638957
COc1ncc(-c2ccc3ncnc(Nc4cnn(CCO)c4)c3c2)cc1NS(C)(=O)=O,IC50,2520.0,5.598599459218455
CC/C=C\C(=O)Nc1cc(Nc2nc3c(c(-c4cn(C)c5ccc(F)cc45)n2)CSCC3)c(OC)cc1N(C)CCN(C)C,IC50,1128.0,5.947690900352677
O=C(O)c1ccc2c(c1)CNc1c(Nc3cccc(Br)c3)ncnc1O2,IC50,1000.0,6.0
COc1cc(NCc2c[nH]cn2)cc2c(Nc3ccc(F)c(Cl)c3)c(C#N)cnc12,IC50,2080.0,5.681936665037238
O=C(Nc1ccccc1)N(Cc1ccc(F)cc1)Cc1cccc(Br)c1O,IC50,2240.0,5.649751981665837
N[C@H](Cc1c([Se][Se]c2[nH]c3ccccc3c2C[C@H](N)C(=O)NCc2ccccc2)[nH]c2ccccc12)C(=O)NCc1ccccc1,IC50,1300.0,5.886056647693163
CC#CC(=O)N1CCc2c(sc3ncnc(N[C@H](CO)c4ccccc4)c23)C1,IC50,1270.0,5.896196279044043
C=CC(=O)Nc1ccc2ncnc(Nc3c(F)cccc3Br)c2c1,IC50,2200.0,5.657577319177793
O=C1CSC(N/N=C/c2cc(Br)cc(Br)c2O)=N1,IC50,1240.0,5.906578314837764
COc1cc(/C=C/C(=O)c2ccc(NC(=O)c3cc4cc5ccccc5nc4s3)cc2)cc(OC)c1OC,IC50,1200.0,5.920818753952375
CC(C)(O)Cn1/c(=N/C(=O)c2cccc(-c3cccnc3)c2)[nH]c2ccccc21,IC50,1400.0,5.853871964321762
CCc1c(CC(N)=O)cn2ncnc(Nc3ccc4c(cnn4Cc4ccccc4)c3)c12,IC50,1100.0,5.958607314841775
CC#CC(=O)N[C@H]1CCCN(c2c(F)cc(C(N)=O)c3[nH]c(C)c(C)c23)C1,IC50,2000.0,5.698970004336019
C=CC(=O)NCCOc1cc(Cc2ccccc2)cc2[nH]c(-c3n[nH]c4cc(C(F)F)ccc34)cc12,IC50,2360.0,5.627087997029893
Cc1ncc([N+](=O)[O-])n1CC(=O)NS(=O)(=O)c1ccc(Br)cc1,IC50,2170.0,5.66354026615147
CC(C)c1ccc(COC(=O)c2cc(NCc3cc(O)ccc3O)ccc2O)cc1,IC50,1200.0,5.920818753952375
COc1cc2c(Oc3ccc(NS(=O)(=O)c4cccc(-c5ccco5)c4)cc3F)ccnc2cc1OCCCN1CCN(C)CC1,IC50,1903.5,5.720447118849614
CN(C)C/C=C/C(=O)Nc1cccc(Nc2nc(N/N=C/c3ccc(F)cc3)ncc2Cl)c1,IC50,1860.0,5.730487055782083
COc1cc(N2CCC(N3CCC[C@H](O)C3)CC2)ccc1Nc1nccc(-c2c(-c3ccc(OC)c(C(=O)Nc4c(F)cccc4F)c3)nc3ccccn23)n1,IC50,1000.0,6.0
CCOc1cc(N2CCN(S(C)(=O)=O)CC2)c(C)cc1Nc1nccc(-c2c(-c3ccc(OC)c(C(=O)Nc4c(F)cccc4F)c3)nc3ccccn23)n1,IC50,1000.0,6.0
CC(=O)Nc1ccc2ncnc(Nc3ccc(OCc4cccc(F)c4)c(Cl)c3)c2c1,IC50,1255.0,5.901356274182943
COc1cc2ncnc(/N=N/c3ccc(F)c(Cl)c3)c2cc1OC,IC50,2330.0,5.632644078973981
COc1cccc(Nc2cc(Nc3cccc(Cl)c3)ncn2)c1,IC50,974.0,6.011441043121384
CN(C)CCOc1cccc(Nc2nccc(-c3c(-c4cccc(C(=O)Nc5cc(C(F)(F)F)ccc5F)c4)nc4ccccn34)n2)c1,IC50,1000.0,6.0
COc1cc2ncc(C#N)c(Nc3cccc(C(F)(F)F)c3)c2cc1OC,IC50,1445.44,5.839999931118699
O=C(/C=C/c1ccc(Br)s1)Nc1ccc2ncnc(Nc3cccc(Cl)c3)c2c1,IC50,2400.0,5.619788758288394
COc1cc2ncc(C#N)c(Nc3ccc(C)c(Br)c3)c2cc1OC,IC50,1778.28,5.749999855918706
CCCN1CCC(c2ccc(Nc3nccc(-c4c(-c5ccc(OC)c(C(=O)Nc6c(F)cccc6F)c5)nc5ccccn45)n3)c(OCC)c2)CC1,IC50,1000.0,6.0
O=C(Nc1cc2c(Nc3ccc(F)c(Cl)c3)ncnc2cc1O[C@H]1CCOC1)N1CC(F)C1,IC50,1566.0,5.805208242278075
CC(C)(C)NC(=O)c1ccc(S(=O)(=O)Oc2ccc(/C=C/[N+](=O)[O-])cc2)cc1,IC50,1300.0,5.886056647693163
Cc1ccc(C2=NN(C(N)=S)C(c3ccc(Br)cc3)C2)cc1C,IC50,2170.0,5.66354026615147
COCOc1cc(-c2ccccc2)ccc1-c1ccc(C(=O)NCc2ccccc2)cc1,IC50,1100.0,5.958607314841775
COc1cc2c(Nc3ccc(NC(=O)c4ccc(Cl)cc4)cc3)ncnc2cc1OCCCN1CCOCC1,IC50,1350.0,5.8696662315049934
COc1nc(NCCN2CCOCC2)nc(Nc2ccc(Cl)cc2)n1,IC50,1500.0,5.823908740944319
Cc1cc(Nc2cc(N3CCN(C)CC3)nc(Oc3ccc(NC(=O)/C=C/C(F)(F)F)cc3)n2)n[nH]1,IC50,2000.0,5.698970004336019
Oc1c(Br)cccc1CN(Cc1ccc(F)cc1)C(=S)Nc1ccccc1,IC50,980.0,6.008773924307505
CN1CCC(Oc2cccc3ncnc(Nc4ccc(OCc5ccccn5)cc4)c23)CC1,IC50,2100.0,5.6777807052660805
COc1cc(N2CCN(C)CC2)ccc1Nc1ncc(Cl)c(Oc2cccc(NC(=O)CCOCc3ccccc3)c2)n1,IC50,2080.0,5.681936665037238
O=c1oc2cc3ncnc(Nc4ccc(OCc5ccccn5)cc4)c3cc2n1CCCN1CCOCC1,IC50,1700.0,5.769551078621726
COc1cc(N(C)CCN(C)C)c(NC(=O)/C=C\C(C)C)cc1Nc1nc2c(c(-c3cn(C)c4ccc(F)cc34)n1)CSCC2,IC50,1689.0,5.772370350428991
COc1cc2ncnc(Nc3ccc(N4Cc5ccccc5C4)cc3)c2cc1OC,IC50,1600.0,5.795880017344075
COc1cc(C2=C(c3c[nH]c4ccc(I)cc34)C(=O)NC2=O)cc(OC)c1OC,IC50,1688.0,5.772627557710363
COc1ccc(N2CCC(N3CCCCC3)CC2)cc1Nc1nccc(-c2c(-c3cccc(C(=O)Nc4c(F)cccc4F)c3)nc3ccccn23)n1,IC50,1000.0,6.0
O=C(O[C@H]1CN[C@H](C#Cc2cc3ncnc(Nc4ccc(Sc5ccccn5)cc4)c3s2)C1)N1CCOCC1,IC50,1650.0,5.782516055786093
Nc1ccccc1-c1nnc(SCc2ccccc2)o1,IC50,1510.0,5.821023052706831
COc1ccc(/C=C/C(=O)c2ccc(NC(=O)c3cc4cc5ccccc5nc4s3)cc2)cc1OC,IC50,1600.0,5.795880017344075
Nc1cc2ncnc(NCc3cccc(C(F)(F)F)c3)c2cn1,IC50,1950.0,5.709965388637482
COc1cc(-c2nc(=O)c3c([nH]2)sc2ccc(C)cc23)ccc1OCC(=O)O,IC50,2400.0,5.619788758288394
CC(C)n1nc(-c2cc(F)c3cn[nH]c3c2)c2c(N)ncnc21,IC50,1200.0,5.920818753952375
Nc1ncnc2c1c(-c1cccc(O)c1)cn2[C@H]1C[C@@H](CN2CCC2)C1,IC50,2300.0,5.638272163982407
COc1cc(N2CCN(C)CC2)ccc1Nc1ncc(Cl)c(Oc2cccc(NC(=O)CCN3CCN(CCO)CC3)c2)n1,IC50,2419.0,5.61636413163812
COc1cccc2c(Nc3cccc(Br)c3)ncnc12,IC50,974.0,6.011441043121384
CCCN1CCC(c2ccc(Nc3nccc(-c4c(-c5ccc(OCC)c(C(=O)Nc6c(F)cccc6F)c5)nc5ccccn45)n3)c(OCC)c2)CC1,IC50,1000.0,6.0
Cc1ccc(C2=NN(C(N)=S)C(c3cccc4ccccc34)C2)cc1,IC50,2060.0,5.686132779630847
Cc1cc(N2CCOCC2)cc2[nH]c(-c3c(NC[C@@H](O)c4cccc(Cl)c4)cc[nH]c3=O)nc12,IC50,1600.0,5.795880017344075
COc1ccc2c(N[C@@H]3C[C@H]3c3ccccc3)c(C#N)cnc2c1,IC50,2580.0,5.58838029403677
CN1CCN(CCOc2cc(OC3CCOCC3)c3c(Nc4c(Cl)ccc5c4OCO5)ncnc3c2)CC1,IC50,2590.0,5.586700235918748
COc1ccc(C2=NN(C(N)=S)C(c3ccc4ccccc4c3)C2)cc1,IC50,1040.0,5.982966660701219
COc1cc(-c2nnc(CN3CCCC3)o2)ccc1Nc1nccc(-c2c(-c3ccc(OC)c(C(=O)Nc4c(F)cccc4F)c3)nc3ccccn23)n1,IC50,1000.0,6.0
COc1cc2c(Oc3ccc(NS(=O)(=O)c4ccc(-c5ccsc5)cc4)cc3F)ccnc2cc1OCCCN1CCN(C)CC1,IC50,1525.0,5.816730156317195
c1cc(Nc2ncnc3[nH]cnc23)cc(-c2nc3ccccc3s2)c1,IC50,1700.0,5.769551078621726
Cc1ccc(OCCOCCn2ccnc2[N+](=O)[O-])cc1Nc1nccc(-c2cn(C)c3ccccc23)n1,IC50,1308.0,5.883392256011751
COc1cc(N(C)c2ccnc3ccc(C(F)(F)F)cc23)cc(OC)c1OC,IC50,2200.0,5.657577319177793
Nc1ncnc2c1c(-c1ccc(F)c(O)c1)nn2C1CNC1,IC50,2900.0,5.537602002101044
Cc1ccc(C2=NN(C3=NC(=O)CS3)C(c3ccccc3)C2)cc1,IC50,1080.0,5.96657624451305
COc1cc(N2CCC(N3CCN(S(C)(=O)=O)CC3)CC2)ccc1Nc1nccc(-c2c(-c3ccc(OC)c(C(=O)Nc4c(F)cccc4F)c3)nc3cc(F)ccn23)n1,IC50,1000.0,6.0
C[C@@H]1CN(c2nc(C(F)(F)F)no2)CCN1c1ncc(OCc2ccc(CS(C)(=O)=O)cc2F)cn1,IC50,2100.0,5.6777807052660805
N#C/C(=C\c1ccc(O)c(O)c1)C(=O)Nc1ccccc1Cl,IC50,2094.65,5.678888533923097
COc1cc(N2CCC(N3CCC(CCS(C)(=O)=O)CC3)CC2)ccc1Nc1nccc(-c2c(-c3ccc(OC)c(C(=O)Nc4c(F)cccc4F)c3)nc3ccccn23)n1,IC50,1000.0,6.0
COc1cc(CCN2CCCCC2)c(F)cc1Nc1nccc(-c2c(-c3ccc(OC)c(C(=O)Nc4c(F)cccc4F)c3)nc3ccccn23)n1,IC50,1000.0,6.0
NC(=S)N/N=C(/C=C/c1ccc([N+](=O)[O-])cc1)c1ccccc1,IC50,1570.0,5.804100347590767
Cc1nc(N)sc1-c1ccnc(Nc2ccc(N3CCOCC3)cc2)n1,Ki,1000.0,6.0
Cn1cc(-c2ccnc(Nc3ccc(Cl)c(OCCOCCn4ccnc4[N+](=O)[O-])c3)n2)c2ccccc21,IC50,2671.0,5.573326111978627
COc1cccc(CNc2nc(N)nc3[nH]c4ccc(O)cc4c23)c1,Ki,1260.0,5.899629454882437
COc1cc2nccc(Oc3cccc(Br)c3)c2cc1OC,IC50,2500.0,5.6020599913279625
Cc1ccc2nc(/C=C/c3ccc(N(C)C)cc3)cc(-c3nnc(N)s3)c2c1,IC50,1110.0,5.954677021213342
Cc1ncc([N+](=O)[O-])n1C/C(=N/NC(=O)c1ccccc1N)c1ccc(Br)cc1,IC50,1890.0,5.723538195826755
O=C(NS(=O)(=O)c1ccc(Br)cc1)c1cncc(Br)c1,IC50,2080.0,5.681936665037238
CCOC(=O)c1ccc(Nc2cc(Nc3cccc(OC)c3)ncn2)cc1,IC50,1188.0,5.925183559354825
CCOc1cc(N)c(C(=O)Nc2ccc(OCc3ccccn3)c(Cl)c2)cc1NC(=O)c1ccc(CN2CCN(C)CC2)cc1,IC50,1000.0,6.0
CCC(=O)Nc1ccc2c(Nc3cc[nH]n3)nc(-c3ccccc3)nc2c1,IC50,2150.0,5.667561540084394
COc1cc(/C=C(\C#N)C(N)=O)cc(CSc2cccc3ccccc23)c1O,IC50,1698.24,5.770000934050708
COc1cc(O)c2c(c1)CCN(c1cccc(C(=O)N3CCCCC3)c1)C2=O,IC50,1180.0,5.928117992693874
CNC(=O)c1nc(-c2ccc(Cl)c(S(=O)(=O)Nc3cccc(F)c3F)c2)cnc1N,IC50,739.0,6.131355561605174
CCOc1cc(N)c(C(=O)Nc2ccc(OCc3ccccn3)c(Cl)c2)cc1NC(=O)/C=C/CN(C)C,IC50,800.0,6.096910013008056
O[C@H]1CC[C@H](Nc2ncc3nc(Nc4c(F)cc(F)cc4F)n([C@H]4CCOC4)c3n2)CC1,IC50,380.0,6.42021640338319
CN1CCN(C/C=C/C(=O)Nc2cc3c(Nc4ccc(Cc5ccccn5)cc4)ncnc3cn2)CC1,IC50,478.5,6.320118057887138
CCCCCCCCCCCCCCCCCCOC(=O)COc1cc(O)c2c(=O)cc(-c3ccccc3)oc2c1,IC50,692.0,6.1598939055432425
Nc1c(F)cccc1Nc1ncnc2ccncc12,IC50,851.14,6.069998998990925
Cc1cccc(CN(C)c2ncnc3[nH]c(-c4ccc(O)cc4)cc23)c1,IC50,745.0,6.127843727251707
COc1cc2ncnc(N[C@H](C)c3cccc4ccccc34)c2cc1OC,IC50,580.0,6.236572006437063
CC(=O)N1CCN(C2CCC(n3nc(-c4ccc(NC(=O)c5cc6ccccc6n5C)cc4)c4c(N)ncnc43)CC2)CC1,Ki,794.33,6.0999990348465305
C=CC(=O)N1CCC[C@@H](Oc2nc(Nc3ccc(N4CCN(C(C)=O)CC4)cc3)nc3[nH]cc(-c4cncc(NC)n4)c23)C1,IC50,499.0,6.30189945437661
COc1cc2c(Oc3ccc(NC(=O)NN4C(=O)CSC4c4c(F)cccc4F)c(F)c3)ccnc2cc1OCCCN1CCCC1,IC50,812.0,6.090443970758825
Nc1ncnc2c1c(-c1ccc(F)c(O)c1)nn2C1CCCCCC1,IC50,775.0,6.110698297493689
OC1CCC(Nc2cc(Cl)nc(-c3c[nH]c4ncccc34)n2)CC1,Ki,630.96,6.199998172182031
CNC(=O)c1ccccc1Nc1nc(Nc2ccc(N3CCOCC3)cc2OC)ncc1Cl,IC50,550.0,6.259637310505756
Clc1ccc2c(c1Nc1ncnc3cc(OCCCN4CCCC4)cc(OC4CCOCC4)c13)OCO2,IC50,900.0,6.045757490560675
C=C(Cl)C(=O)Nc1cc(Nc2nc3c(c(-c4cn(C)c5ccccc45)n2)CS(=O)(=O)CC3)c(OC)cc1N(C)CCN(C)C,IC50,547.0,6.262012673666569
COc1ccc(/C=N/Nc2ncc(Cl)c(Nc3ccccc3S(=O)(=O)C(C)C)n2)cc1,IC50,587.0,6.231361898752386
CCC(=O)Nc1cc2c(Nc3ccc(Cc4ccncc4)cc3)ncnc2cc1OC,IC50,388.0,6.411168274405792
C=CC(=O)Nc1cccc(Nc2nc(Nc3ccc(Cn4ccnc4)cc3)ncc2F)c1,IC50,498.0,6.302770657240282
O=C(CCl)OCCn1c(=O)oc2cc3ncnc(Nc4ccc(Oc5cccc(C(F)(F)F)c5)c(Cl)c4)c3cc21,IC50,510.0,6.292429823902063
NC(=S)N1N=C(c2ccc(Cl)cc2)CC1c1cccc2ccccc12,IC50,940.0,6.026872146400301
COc1cc2c(Nc3ccc(S(=O)(=O)c4ccccc4)cc3)ncnc2cc1OCC1CCN(C)CC1,IC50,550.0,6.259637310505756
OCCN1CCN(Cc2ccc(-c3cc4c(N[C@H](CO)c5ccccc5)ncnc4s3)cc2)CC1,IC50,600.0,6.221848749616356
C=CC(=O)Nc1cc(Nc2nccc(Nc3ccccc3-n3nccn3)n2)c(OC)cc1N1CCOCC1,IC50,838.5,6.0764969330578955
C=CC(=O)N1CC[C@@H](N2N=C(Nc3ccc(Oc4ccccc4)cc3)c3c[nH]c4ncnc2c34)C1,IC50,712.0,6.147520006363143
Nc1ccc(C#Cc2cc(F)c3c(c2)C(=O)N(C(C(=O)Nc2nccs2)c2ncn4c2CCC4)C3)cn1,IC50,608.0,6.216096420727265
O=[N+]([O-])c1ccc2c(Nc3cccc(I)c3)ncnc2c1,IC50,544.77,6.263786816648123
C=CC(=O)Nc1cc2c(Nc3ccc(Br)cc3F)ncnc2cc1OCC(=O)NCCN(CC)CC,IC50,652.0,6.185752404268079
NNC(=O)c1c(N)ncnc1Nc1ccc(OCc2ccccc2)c(Cl)c1,IC50,458.0,6.339134521996131
C=CC(=O)Nc1cc(Nc2nccc(Nc3ccn(C)n3)n2)c(OC)cc1N(C)CCN(C)C(=O)OC,IC50,501.5,6.2997290626435625
C=CC(=O)N1CCC(C2CCNc3c(C(N)=O)c(-c4cc(Cl)c(Br)c(Cl)c4)nn32)CC1,IC50,603.0,6.219682687859849
Oc1c(Cl)cc(Cl)c(Cl)c1Cc1c(O)c(Cl)cc(Cl)c1Cl,IC50,748.6,6.125750177221597
C=CC(=O)Nc1ccc(-n2c(=O)cnc3cnc(Nc4ccc(N5CCN(C)CC5)cc4OC)nc32)cc1,IC50,395.0,6.403402904373539
COc1cc2c(Oc3ccc(NC(=O)c4cn(-c5ccccc5OC)cn4)cc3F)ccnc2cc1OCCCN1CCN(C)CC1,IC50,690.0,6.161150909262744
Cn1c(-c2csc(N/N=C\c3ccncc3)n2)nc2ccccc21,IC50,569.41,6.244574910025939
CN(/N=N/c1ccc2ncnc(Nc3cccc(Cl)c3)c2c1)C(=O)Oc1ccc([N+](=O)[O-])cc1,IC50,770.0,6.113509274827518
CN(C)CCCNC/C=C/C(=O)Nc1cc2c(Nc3ccc(F)c(Cl)c3)ncnc2s1,IC50,598.35,6.223044704634479
C=CC(=O)Nc1cc(Nc2nccc(Nc3cn(C)c4ccccc34)n2)c(OC)cc1N(C)CCN(C)C(=O)C#CC,IC50,503.385,6.2980997298172285
c1ccc(CNc2ncnc3c2[nH]c2ccccc23)cc1,IC50,460.0,6.337242168318426
COc1cccc(-c2cn(C3CC(CO)C3)c3ncnc(N)c23)c1,IC50,420.0,6.376750709602099
COc1cccc(Nc2[nH]nc3ncnc(Nc4cccc(Cl)c4)c23)c1,IC50,404.0,6.393618634889394
C=CC(=O)Nc1cccc(Oc2nc(Nc3n[nH]c4ccccc34)cc(N3CCN(C(C)=O)CC3)n2)c1,IC50,600.0,6.221848749616356
CN1C(=O)c2ccc(NC(=O)CSc3nc4cc5ccccc5cc4c(=O)n3-c3ccc(S(N)(=O)=O)cc3)cc2C1=O,IC50,640.0,6.1938200260161125
CC1(C)OB(c2ccc3ncnc(Nc4ccc(F)c(Cl)c4)c3c2)OC1(C)C,IC50,570.0,6.2441251443275085
CC(=O)N1CCOc2c1ccc1ncnc(Nc3cccc(C(F)(F)F)c3)c21,IC50,534.0,6.272458742971444
CC(=O)NC1CCN(Cc2ccn3ncnc(Nc4ccc5c(cnn5Cc5cccc(F)c5)c4)c23)CC1,IC50,380.0,6.42021640338319
C=CC(=O)Nc1cc2c(Nc3cc(Cl)c(Cl)cc3Cl)ncnc2cc1OCCNC(C)=O,IC50,876.0,6.05749589383192
Cc1ccc(C2=NN(C(N)=S)C(c3ccc(F)cc3)C2)cc1C,IC50,830.0,6.080921907623926
CN(C)CCCN(C)C/C=C/C(=O)Nc1cc2c(Nc3ccc(F)c(Cl)c3)ncnc2s1,IC50,567.5,6.24603413413484
COc1ccc(Nc2ncnc3cc4oc(=O)n(CCCN5CCOCC5)c4cc23)cc1,IC50,380.0,6.42021640338319
COc1cccc(/C=N/Nc2ncc(Cl)c(Nc3ccccc3S(=O)(=O)C(C)C)n2)c1,IC50,601.0,6.221125527997261
COc1ccc(NC(=O)/C=C/CN(C)C)cc1Nc1ncc(F)c(-c2cnn3ccccc23)n1,IC50,380.0,6.42021640338319
CN1CCN(c2ccc(NC(=O)c3c(Nc4ccccc4Cl)cc[nH]c3=O)cc2)CC1,Ki,781.0,6.1073489661227
Clc1cccc(Nc2ncnc3ccc(NCc4ccc5c(c4)OCCCCO5)cc23)c1,IC50,920.0,6.036212172654444
O=C(Nc1ccccc1)c1c(NCCc2cccc(Cl)c2)cc[nH]c1=O,Ki,770.0,6.113509274827518
COc1ccc(/C=C/C(=O)Nc2cccc(Oc3cc(Nc4ccc(OCc5cccc(F)c5)c(Cl)c4)ncn3)c2)cc1OC,IC50,523.0,6.281498311132726
COc1cc2ncc(C#N)c(Nc3cccc(Br)c3C)c2cc1OC,IC50,831.76,6.0800019690359814
Cc1cccc(Nc2ncnc3cc4c(cc23)N(CCCN2CCCCC2)C(=O)CO4)c1,IC50,456.2,6.340844719059371
FC(F)(F)c1ccc(COc2ccc(Nc3ncnc4cc5c(cc34)OCCOCCOCCOCCO5)cc2)cc1,IC50,384.8,6.414764936634224
CN1CCN(c2ccc(Nc3ncc4nc(Sc5ccccc5)n(C5CCOCC5)c4n3)cc2)CC1,IC50,892.0,6.049635145623877
c1ccc(Cn2ncc3cc(Nc4ncnn5ccc(COC[C@@H]6CNCCO6)c45)ccc32)nc1,IC50,500.0,6.301029995663981
Fc1ccc(-c2nc(-c3ccccc3)[nH]c2-c2ccnc3[nH]ccc23)cc1,IC50,671.5,6.172953982995265
CN(C)c1ccc(C(=C2C=CC(=[N+](C)C)C=C2)c2ccc(N(C)C)cc2)cc1,IC50,473.0,6.325138859262188
COc1cc(-c2ccc3c(c2)Nc2ccc(C(=O)NCCNC(C)=O)cc2NC3=O)ccc1O,Ki,794.33,6.0999990348465305
Fc1cccc(Cn2ncc3cc(Nc4ncnn5ccc(CN6CCCC6)c45)ccc32)c1,IC50,500.0,6.301029995663981
C=CC(=O)Nc1cccc(-c2c[nH]c3nccc(Cl)c23)c1,IC50,459.0,6.338187314462739
Cc1ccc(C2=NN(C3=NC(c4ccccc4)CS3)C(c3ccc4ccccc4c3)C2)cc1C,IC50,650.0,6.187086643357144
COc1cc2ncnc(Nc3ccc(F)c(Cl)c3)c2c2c1OCCO2,IC50,511.25,6.291366678984602
Clc1ccc(CNc2ccnc3oc4ccccc4c23)cc1,Ki,500.0,6.301029995663981
O=C1COc2cc3ncnc(Nc4ccc(F)cc4)c3cc2N1CCCN1CCOCC1,IC50,434.1,6.3624102141613
c1cncc(Cn2ncc3cc(Nc4ncnn5ccc(COC[C@@H]6CNCCO6)c45)ccc32)c1,IC50,810.0,6.09151498112135
Cc1ncc([N+](=O)[O-])n1C/C(=N/NC(=O)c1ccc(N)cc1)c1ccc(Br)cc1,IC50,430.0,6.366531544420413
CCC/C=C\C(=O)Nc1cc(Nc2nccc(-c3cn(C)c4ccccc34)n2)c(OC)cc1N(C)CCN(C)C,IC50,852.5,6.069305612335464
COc1cc2ncnc3c2cc1OCCOCCOc1ccccc1N3,IC50,685.2,6.164182645706527
COc1cccc(Nc2ncnc3ccccc23)c1,IC50,842.0,6.0746879085003505
NS(=O)(=O)c1cccc(Nc2ncc3ccn(-c4ccccc4)c3n2)c1,Ki,398.11,6.399996913372259
COc1cc2c(Oc3ccc(NC(=O)c4cn(-c5ccccc5Cl)nn4)cc3F)ccnc2cc1OCCCN1CCCCC1,IC50,529.4,6.276216063034671
CCOc1cc(/C=C(\C#N)C(N)=O)cc(CSc2ccccc2)c1O,IC50,400.0,6.3979400086720375
Nc1ncnc2c1c(-c1ccccc1)cn2C1CCC(O)C1,IC50,790.0,6.102372908709558
O=C(/C=C/CN1CCCC1)N1CCCOc2cc3ncnc(Nc4ccc(OCc5cccc(F)c5)c(Cl)c4)c3cc21,IC50,578.0,6.2380721615794705
Cc1c(C(=O)N2CCN(C)CC2)c[nH]c1/C=C1\C(=O)Nc2ncnc(Nc3ccc(F)c(Cl)c3)c21,IC50,410.0,6.3872161432802645
COc1cc(N2CCN(C(C)=O)CC2)ccc1Nc1ncc(Cl)c(-c2c[nH]c3ccccc23)n1,IC50,780.0,6.107905397309519
COc1cc2ncc(C#N)c(Nc3cccc([N+](=O)[O-])c3)c2cc1OC,IC50,870.96,6.060001790087838
CCC(=O)Nc1cc2c(Nc3ccc(Br)cc3F)ncnc2cc1OCCNC(C)=O,IC50,866.0,6.062482107982653
N#CC(C#N)=C1CCc2cc(O)c(O)cc21,IC50,500.0,6.301029995663981
Cc1ccc([C@@H](C)Nc2ncnc3[nH]c(-c4ccc(O)cc4)cc23)cc1,IC50,450.0,6.346787486224656
Cc1ccc(NC(=O)c2ccc(CN3CCN(C)CC3)cc2)cc1-c1ccc2ccncc2c1,IC50,700.0,6.154901959985743
COc1cc(Nc2c(C#N)cnc3cc(C#CCCN4CCN(C)CC4)c(OC)cc23)c(Cl)cc1Cl,IC50,720.0,6.142667503568731
Nc1ncnc2sc3c(c12)-c1ccc(NC(=O)Nc2ccccc2)cc1CC3,Ki,501.19,6.299997602857746
COc1cc2c(Nc3ccc(Oc4ccc(F)cc4)cc3)ncnc2cc1OCC1CCN(C)CC1,IC50,891.0,6.050122295963125
O=C1NCCc2[nH]c(-c3ccnc(-c4ccccc4F)c3)cc21,Ki,630.96,6.199998172182031
CNC(=O)c1ncc(C#Cc2cc(C(=O)Nc3ccc(CN4CCN(CCO)CC4)c(C(F)(F)F)c3)ccc2C)n1C,IC50,483.5,6.31560352158098
C[C@H](Nc1nc(N)nc2[nH]c3ccc(O)cc3c12)c1ccccc1,Ki,520.0,6.2839966563652006
CN1CCC(Oc2cccc3ncnc(Nc4ccc(OCc5cnccn5)c(Cl)c4)c23)CC1,IC50,690.0,6.161150909262744
CC(C)n1nc(-c2cccc(O)c2)c2c(N)ncnc21,IC50,954.0,6.020451625295905
CNC(=O)c1ccc(Sc2cccc(NC(=S)Nc3ccc(Cl)c(C(F)(F)F)c3)c2)nc1,IC50,596.0,6.2247537402597635
O=C1NCc2c(Oc3ccc(Nc4ncnc5ccn(CCO)c45)cc3Cl)cccc21,IC50,890.0,6.050609993355087
COc1cc(N2CCN(C)CC2)ccc1Nc1ncc(Cl)c(Oc2ccccc2N=[N+]=[N-])n1,IC50,520.0,6.2839966563652006
N#C/C(=C\c1ccc(O)c(O)c1)C(=O)NCCc1ccccc1,IC50,625.0,6.204119982655925
Fc1ccc(Nc2ncnc3ccc(NC(=S)NCCCN4CCOCC4)cc23)cc1Cl,IC50,390.0,6.4089353929735005
CCOc1cc2ncc(C#N)c(Nc3ccc(OCc4ccccc4)c(Cl)c3)c2cc1NC(=O)/C=C/CN1CCOCCOCCOCC1,IC50,321.0,6.493494967595128
CCC(=O)N1CCC(Oc2nc(Nc3ccc(N4CCN(C)CC4)cc3)nc3ccsc23)CC1,IC50,311.9,6.505984625242856
O=[N+]([O-])c1cccc2ncnc(Nc3cccc(Br)c3)c12,IC50,355.0,6.449771646944906
CCOc1cc2ncc(C#N)c(Nc3cc(Cl)c(OCc4ccccc4)c(Cl)c3)c2cc1NC(=O)/C=C/CN(C)C,IC50,163.0,6.787812395596042
CC(=O)Nc1cc(Nc2nccc(-c3cn(C)c4ccccc34)n2)cc2cnn(CCN(C)C)c12,IC50,242.0,6.616184634019569
N#Cc1cnc2cc(O)c(O)cc2c1Nc1cccc(Br)c1,IC50,346.74,6.459996055149974
CS(=O)(=O)CCNCc1ccc(-c2cc3c(Nc4ccc(OCc5cccc(F)c5)c(Cl)c4)ncnc3s2)[nH]1,IC50,138.0,6.860120913598763
COc1cc2c(Nc3c(F)cc(Br)cc3F)ncnc2cc1OCC1CCN(C)CC1,IC50,350.0,6.455931955649724
c1ccc(CNc2ncnc3ccccc23)cc1,IC50,320.0,6.494850021680094
C=CC(=O)N1CCC(Oc2cc3c(Nc4ccc(OCc5cccc(F)c5)c(Cl)c4)ncnc3cc2O[C@H]2CCOC2)CC1,IC50,227.0,6.6439741428068775
CO[C@H]1[C@@H](N(C)C(=O)CCC(=O)O)C[C@@H]2O[C@@]1(C)n1c3ccccc3c3c4c(c5c6ccccc6n2c5c31)C(=O)NC4,IC50,160.0,6.795880017344075
NCCCCOCc1ccn2ncnc(Nc3ccc4c(cnn4Cc4cccc(F)c4)c3)c12,IC50,160.0,6.795880017344075
O=C(Nc1cnc2[nH]cc(-c3ccccc3)c2c1)c1c(F)cccc1F,Ki,251.19,6.599997654072045
CCOc1cc2ncc(C#N)c(Nc3ccc(OCc4ccccc4)c(Cl)c3)c2cc1NC(=O)/C=C/CN1CCC(O)CC1,IC50,221.0,6.655607726314889
Cc1cc2cc(Nc3ccnc4cc(-c5ccc(CN(C)CCO)cc5)sc34)ccc2[nH]1,IC50,140.0,6.853871964321762
C=C(CN(C)C)C(=O)Nc1cc2c(Nc3ccc(OCc4ccccc4)c(Cl)c3)c(C#N)cnc2cc1OCC,IC50,223.0,6.651695136951839
COc1cc2ncc(C#N)c(Nc3ccc(C(C)C)cc3)c2cc1OC,IC50,229.09,6.639993867770901
C=CC(=O)Nc1cccc(Oc2nc(Nc3ccc(N4CCN(S(C)(=O)=O)CC4)cc3OC)ncc2SC)c1,IC50,368.9,6.433091344773197
C=CC(=O)Nc1cc(Nc2ncnc(-c3cn(C)c4ccccc34)c2OC)c(OC)cc1N(C)CCN(C)C,IC50,212.5,6.67264106561367
Nc1ncnc2c1c(-c1ccc(Oc3ccccc3)cc1)nn2[C@H]1CC[C@@H](NC(=O)/C=C/CN2CCOCC2)CC1,IC50,272.9,6.563996464330104
Fc1cccc(COc2ccc(Nc3ncnc4sc(Br)cc34)cc2Cl)c1,IC50,257.0,6.590066876668706
COC[C@@H]1CCCN1C/C=C\C(=O)Nc1ccc2ncnc(Nc3cccc(Br)c3)c2c1,IC50,194.0,6.7121982700697735
O=[N+]([O-])c1ccc(F)c(CNc2cc3c(Nc4ccc(F)c(Cl)c4)ncnc3cc2OCCCN2CCOCC2)c1,IC50,242.4,6.6154673845057514
C=CC(=O)N[C@H]1CCN(c2nc(Nc3ccc(N4CCN(C)CC4)cc3)c3ncn(CCO)c3n2)C1,IC50,209.0,6.679853713888946
C=CC(=O)N1CCC(Sc2nc(-c3ccc(F)cc3)c(-c3ccnc(Nc4ccccc4)c3)[nH]2)C1,IC50,217.0,6.66354026615147
N=c1oc2ccccc2cc1C(=O)N/N=C1\C(=O)Nc2ccc(S(=O)(=O)N3CCOCC3)cc21,IC50,205.0,6.688246138944246
O=C(O[C@H]1CN[C@H](C#Cc2cc3ncnc(Nc4ccc5c(ccn5S(=O)(=O)c5ccsc5)c4)c3s2)C1)N1CCOCC1,IC50,150.0,6.823908740944319
C=CC(=O)Nc1cc(Nc2nc3c(c(-c4cn(C)c5ccccc45)n2)CSCC3)c(OC)cc1N(C)CCN(C)C,IC50,273.0,6.5638373529592435
N#Cc1cccc(Oc2ccc(Nc3ncnc4cc(OCCCN5CCOCC5)c(NC(=O)c5cc([N+](=O)[O-])ccc5F)cc34)cc2Cl)c1,IC50,268.0,6.571865205971211
C=CC(=O)N[C@H]1CCN(c2nc(Nc3cnn(C)c3)c3ncn(C(C)C)c3n2)C1,IC50,352.0,6.453457336521868
C=C(F)C(=O)Nc1cccc(Nc2nc(Nc3ccc(N4CCN(C(C)=O)CC4)cc3)ncc2Cl)c1,IC50,213.0,6.671620396561263
O=c1oc2cc3ncnc(Nc4ccc(OCc5ccccc5)cc4)c3cc2n1CCCN1CCOCC1,IC50,140.0,6.853871964321762
C=CC(=O)Nc1cc(Nc2nccc(-c3cn(C)c4ccc(F)cc34)n2)c(OC)cc1N(C)CC[N+](C)(C)[O-],IC50,183.75,6.735772652243767
COc1cc(-c2nc3ccccc3s2)ccc1OCC(=O)NNC(=O)CN1CCC[C@H]1C(=O)O,IC50,342.0,6.465973893943865
Cc1ccc(C2=NN(c3nc(-c4ccc(Cl)cc4)cs3)C(c3ccc(Cl)cc3)C2)cc1C,IC50,190.0,6.721246399047171
CCN(CC)[C@@](C)(C#Cc1ncnc2cc(OC)c(OC)cc12)Cc1ccncc1,IC50,200.0,6.698970004336019
CCOC(=O)CCCn1c(=O)oc2cc3ncnc(Nc4ccc(OC(C)C)cc4)c3cc21,IC50,160.0,6.795880017344075
C=CC(=O)Nc1cc(-c2cn(C)c3ccccc23)ncn1,IC50,251.0,6.600326278518962
[2H]C([2H])([2H])n1cc(-c2ccnc(Nc3cc(NC(=O)C4CC4)c4c(cnn4CCN(C)C)c3)n2)c2ccccc21,IC50,261.0,6.583359492661719
COc1cc2ncnc(Nc3ccc(F)c(Cl)c3)c2cc1OCCN1CC2(CCO2)C1,IC50,190.0,6.721246399047171
COc1cc2ncnc(Nc3cccc(Cl)c3F)c2cc1CN1CCCC1,IC50,330.0,6.481486060122112
C=CC(=O)Nc1cc2c(Nc3ccc(Br)cc3F)ncnc2cc1OCCNC(=O)C(C)CN(C)C,IC50,251.0,6.600326278518962
CCOC(C)Oc1cc2ncnc(Nc3ccc(F)c(C#N)c3)c2c2c1OCCO2,IC50,351.8,6.453704164878557
C=CC(=O)Nc1cccc(Nc2cc(-n3c(CCCO)nnc3-c3ccc(F)cc3)ccn2)c1,IC50,169.60000000000002,6.7705741520793055
C=CC(=O)Nc1ccc2ncnc(Nc3ccc(CN(C)C)c(Br)c3)c2c1,IC50,230.5,6.637329070274333
C=CC(=O)Nc1cccc(-c2c(-c3ccccc3)oc3ncnc(N(C)C)c23)c1,IC50,193.0,6.714442690992226
C=CC(=O)Nc1cc(Nc2cc(-c3cn4c5c(cccc35)CCC4)nc(OC)n2)c(OC)cc1N(C)CCN(C)C,IC50,181.1,6.742081549685942
COc1cccc(-c2cn(C3CCN(CC(N)=O)CC3)c3ncnc(N)c23)c1,IC50,350.0,6.455931955649724
CCOC(=O)CCCn1c(=O)oc2cc3ncnc(Nc4ccc(F)c(F)c4)c3cc21,IC50,140.0,6.853871964321762
COc1cc2ncnc(-c3c[nH]c4cc(F)c(Cl)cc34)c2cc1OCCCN1CCOCC1,IC50,333.0,6.47755576649368
COc1cc2ncnc(Nc3cccc(Cl)c3F)c2cc1CN1CC(C(N)=O)C1,IC50,175.0,6.756961951313706
COc1cc2ncc(C#N)c(Nc3cccc(Cl)c3)c2cc1OC,IC50,181.97,6.740000204918113
CCn1cnc2cnc(Nc3ccnc(N4CCC(OC)CC4)n3)cc21,Ki,201.0,6.6968039425795105
Cc1ccc(-c2c(CN3CCOCC3)nc3scc(C(=O)NN)n23)cc1,IC50,246.0,6.609064892896621
Nc1ccc2oc3nccc(NCc4cccc(Br)c4)c3c2c1,Ki,230.0,6.638272163982407
COc1cc2c(cc1OC)Nc1ncnc(Oc3ccc(NC(=O)C4(C(=O)Nc5ccc(F)cc5)CC4)cc3F)c1NC2,IC50,267.6,6.572513890904215
COc1cc(N2CCN(C)CC2)ccc1Nc1ncc(Cl)c(Oc2cccc(NC(=O)CCN3CCN(CCOc4no[n+]([O-])c4S(=O)(=O)c4ccccc4)CC3)c2)n1,IC50,262.0,6.581698708680255
CSc1nc(-c2ccc(F)cc2)c(-c2ccnc(Nc3cc(F)cc([N+](=O)[O-])c3)c2)[nH]1,IC50,265.0,6.576754126063192
Cc1ccn2ncnc(Nc3ccc4c(cnn4Cc4ccccn4)c3)c12,IC50,200.0,6.698970004336019
CCOc1cc2ncc(C#N)c(Nc3ccc(OCc4cccc(C#N)c4)c(Cl)c3)c2cc1NC(=O)/C=C/CN(C)C,IC50,195.0,6.709965388637482
[2H]C([2H])([2H])n1cc(-c2ccnc(Nc3cc(NC(=O)CC)c4c(cnn4CCN(C)C)c3)n2)c2ccccc21,IC50,256.0,6.59176003468815
Cc1nc(Nc2cccc3ccccc23)c2cc(C)oc2n1,IC50,145.2,6.838033383635925
CCOC(=O)c1c(-n2ccnc2)nc2ccc(Br)cc2c1N1CCN(c2ccccc2NS(=O)(=O)c2ccccc2F)CC1,IC50,144.0,6.84163750790475
COC1CCN(c2nccc(Nc3cc4c(cn3)[nH]c(=O)n4C(C)C)n2)CC1,Ki,156.0,6.806875401645538
Cc1nn(-c2ccc(F)cc2)c2ncnc(Nc3ccc(F)c(Cl)c3)c12,IC50,186.0,6.730487055782083
C=CC(=O)Nc1cc(Nc2nccc(NC(=O)c3ccc(OC)c(OC)c3)n2)c(OC)cc1N(C)CCN(C)C,IC50,155.2,6.80910828307783
COc1ccccc1-c1cc2c(NCc3ccccn3)ncnc2s1,IC50,183.0,6.73754891026957
COc1cc2c(Nc3ccc(Br)cc3F)ncnc2cc1OCC1CCN(C)CC1,IC50,335.0,6.474955192963154
Cc1nc2cnc(Nc3ccnc(NCC(C)(C)C(N)=O)n3)cc2n1C(C)C,Ki,206.0,6.686132779630847
O=C(Nc1ccncc1)Nc1cc(-c2cccnc2)cc(C(F)(F)F)c1,IC50,189.49,6.722413704215237
[2H]C([2H])([2H])n1cc(-c2ccnc(Nc3cc(NC(C)=O)c4c(cnn4CCN(C)C)c3)n2)c2ccccc21,IC50,158.0,6.801342913045577
C[C@@H](Oc1cccc2ncnc(Nc3ccc4c(cnn4Cc4ccccn4)c3)c12)C(=O)N(C)C,IC50,180.0,6.7447274948966935
CC(=O)N1N=C(c2ccc(C(F)(F)F)cc2)CC1c1ccc(C(=O)OCCn2c([N+](=O)[O-])cnc2C)cc1,IC50,280.65,6.551834953444309
COc1cc2c(Nc3ccc(Oc4ccc(C)cc4)cc3)ncnc2cc1OCC1CCN(C)CC1,IC50,230.0,6.638272163982407
COc1cc2ncnc(Nc3cccc(Cl)c3F)c2cc1OC1CCN(C(=O)CO)CC1,IC50,204.0,6.690369832574101
Clc1csc2ncnc(Nc3ccccc3)c12,Ki,316.23,6.499996931948306
CO[C@H]1[C@@H](N(C)C(=O)CN)C[C@@H]2O[C@@]1(C)n1c3ccccc3c3c4c(c5c6ccccc6n2c5c31)C(=O)NC4,IC50,220.0,6.657577319177793
CC1(C)c2cc(C3CCN(CC4CCOCC4)CC3)ccc2C(=O)c2c1[nH]c1cc(C#N)ccc21,IC50,350.0,6.455931955649724
Nc1ccc2ncnc(Nc3ccc4cc[nH]c4c3)c2c1,IC50,183.7,6.735890843694191
Nc1nc(Nc2cccc(Br)c2)c2cc(CCc3ccccc3)[nH]c2n1,IC50,300.0,6.522878745280337
COc1ccc(N(C)c2nc(C)nc3oc(C)cc23)c(OC)c1,IC50,162.3,6.789681480173768
CN(C)c1cc2ncnc(Nc3cccc(Br)c3)c2cc1N,IC50,160.59,6.794281501896906
COc1cc(Nc2c(C#N)cnc3cc(-c4coc(CN5CCN(C)CC5)c4)c(OC)cc23)c(Cl)cc1Cl,IC50,230.0,6.638272163982407
C=CC(=O)Nc1cccc(Oc2nc(Nc3ccc(N4CCN(CC(=O)OCCCCCCOc5no[n+]([O-])c5S(=O)(=O)c5ccccc5)CC4)cc3OC)ncc2Cl)c1,IC50,292.0,6.534617148551582
Cn1c(=O)c(-c2c(Cl)cccc2Cl)cc2cnc(Nc3cccc(C(=O)O)c3)nc21,IC50,190.0,6.721246399047171
CS(=O)(=O)CCNC(=O)Nc1cc2c(Nc3ccc(F)c(Cl)c3)ncnc2cc1O[C@H]1CCOC1,IC50,356.5,6.447940465812115
COc1ccccc1-c1cc2c(N[C@H](C)c3ccccn3)ncnc2s1,IC50,153.0,6.815308569182401
CN1CCN(Cc2ccc(Nc3nc(Oc4ccc5ccc(=O)[nH]c5c4)c4sccc4n3)cc2)CC1,IC50,200.0,6.698970004336019
Nc1ccc2[nH]c3nccc(NCc4cccc(Cl)c4)c3c2c1,Ki,140.0,6.853871964321762
COCCn1c(=O)oc2cc3ncnc(Nc4ccc(OCc5nccc(OCC(F)(F)F)c5C)cc4)c3cc21,IC50,340.0,6.468521082957745
Nc1nc(NCc2ccccc2)c2c(n1)[nH]c1cc(Br)c(O)cc12,Ki,370.0,6.431798275933005
CCOc1cc2ncc(C#N)c(Nc3ccc(OCc4ccccc4)c(Cl)c3)c2cc1NC(=O)/C=C/c1cn(C)cn1,IC50,255.0,6.5934598195660445
COc1cccc(CNc2ccnc3[nH]c4ccc(N)cc4c23)c1,Ki,320.0,6.494850021680094
CCOCCOc1cc2ncnc(Nc3ccc(OCc4cccc(F)c4)c(Cl)c3)c2cc1NC(=O)/C=C/CN(C)C,IC50,153.5,6.813891620186794
C=CC(=O)Nc1cccc(NC(=O)Nc2ccnc(Nc3ccc(N4CCOCC4)cc3)n2)c1,IC50,365.5,6.437112618706121
CCOc1cc2ncc(C#N)c(Nc3ccc(OCc4ccccc4)c(Cl)c3)c2cc1NC(=O)/C=C/CN1CCC(O)(O)CC1,IC50,282.0,6.549750891680639
O=C(O)c1ccccc1Nc1nc(Nc2ccc(OCC(=O)N3CCOCC3)cc2)ncc1Cl,IC50,139.95,6.854027097197819
CN1CCN(C(=O)c2ccc(-c3ccc4ncnc(Nc5ccc(OCc6cccc(F)c6)c(Cl)c5)c4c3)o2)CC1,IC50,232.4,6.633763876281707
Cn1c(-c2csc(N/N=C\c3ccc(F)cc3)n2)nc2ccccc21,IC50,253.74,6.595611064469455
Cc1nc(Nc2ncc(C(=O)Nc3c(C)cccc3Cl)s2)cc(N2CCN(CCO)CC2)n1,IC50,180.0,6.7447274948966935
CN1CCN(c2ccc(Nc3ncc(Cl)c(Nc4ccc5[nH]ccc5c4)n3)cc2)CC1,IC50,105.0,6.978810700930062
Cc1cc(C(=O)N2CCN(C)CC2)[nH]c1/C=C1\C(=O)Nc2ncnc(Nc3ccc(F)c(Cl)c3)c21,IC50,100.0,7.0
O=S(=O)(Nc1ncccn1)c1ccc(Nc2nncc3ccccc23)cc1,IC50,86.0,7.0655015487564325
Cc1ncnc(Nc2ccc(OCc3cccc(F)c3)c(Cl)c2)c1C#Cc1ncc(CN2CCCC2)s1,IC50,74.0,7.130768280269024
CC(C)Nc1cc(Nc2ccnc(-c3cnn(S(=O)(=O)C4CC4)c3)n2)ncc1C(=O)N1CC(C(C)(C)O)C1,IC50,72.0,7.142667503568731
Cn1cc(-c2ccc3ncnc(Nc4ccc5ncccc5c4)c3c2)cn1,IC50,76.05,7.118900781610983
COCCOCCOCCOc1ccc(-c2cc3c(N(C)Cc4cccc(C)c4)ncnc3[nH]2)cc1,IC50,117.0,6.931814138253838
CCN(c1ccc(OC)cc1)c1ncnc2occ(C)c12,IC50,92.5,7.0338582672609675
CCOC(=O)c1cn2ncnc(Nc3ccc(F)c(Cl)c3)c2c1CC,IC50,90.0,7.045757490560675
C/N=N/Nc1ccc2ncnc(Nc3cccc(Cl)c3)c2c1,IC50,100.0,7.0
COc1cc(N2CCC(N3CCCC(F)(F)C3)CC2)ccc1Nc1nccc(-c2c(-c3cccc(C(=O)Nc4c(F)cccc4F)c3)nc3ccccn23)n1,IC50,100.0,7.0
COc1cc2ncnc(NCc3ccccc3)c2cc1OCCCCCCC(=O)NO,IC50,99.7,7.001304841688344
Nc1nc(NCc2ccc(Cl)cc2)c2c(n1)[nH]c1ccc(O)cc12,Ki,80.0,7.096910013008056
CN(C(=O)NCCCl)c1ccc2ncnc(Nc3cccc(Cl)c3)c2c1,IC50,81.0,7.0915149811213505
Cc1cc(=O)n2nc(SCc3ccc(C(C)(C)C)cc3)nc2[nH]1,IC50,137.0,6.863279432843593
C#Cc1cccc(Nc2ncnc3cc(OC)c(OCCCC(=O)NO)cc23)c1,IC50,100.0,7.0
CCc1cc(N2CCC(N3CCCCC3)CC2)ccc1Nc1nccc(-c2c(-c3cccc(C(=O)Nc4c(F)cccc4F)c3)nc3ccccn23)n1,IC50,100.0,7.0
COc1cc2ncnc(Nc3ccc(F)c(Cl)c3)c2cc1NC(=O)CCCC(=O)NO,IC50,100.0,7.0
C=CC(=O)Nc1cc2c(Nc3ccc(Br)cc3F)ncnc2cc1OC1CCCN(C(C)=O)C1,IC50,128.0,6.892790030352131
O=C(CO)NC1CCN(Cc2ccn3ncnc(Nc4ccc5c(cnn5Cc5cccc(F)c5)c4)c23)CC1,IC50,110.0,6.958607314841775
COc1cc(CCCN2CCN(C)CC2)ccc1Nc1nccc(-c2c(-c3cccc(C(=O)Nc4c(F)cccc4F)c3)nc3ccccn23)n1,IC50,100.0,7.0
O=C(CCCCCCOc1ccc2ncnc(Nc3ccc(OCc4cccc(F)c4)c(Cl)c3)c2c1)NO,IC50,100.0,7.0
Cc1sc([Se]c2sc(C)c(-c3cccc(Br)c3)c2C(=O)NC(CO)C(=O)N2CCCC2)c(C(=O)NC(CO)C(=O)N2CCCC2)c1-c1cccc(Br)c1,IC50,94.44,7.02484402159331
C=CC(=O)N1CCC[C@@H](n2nc(-c3ccc(F)cc3)c3c(N)ncnc32)C1,IC50,130.0,6.886056647693163
C=C(Cl)C(=O)Nc1cc(Nc2ncc(Cl)c(N3CCc4sccc4C3)n2)c(OC)cc1N(C)CCN(C)C,IC50,96.3,7.016373712875465
O=C(NCCN1CCOCC1)Nc1ccc2ncnc(Nc3cccc(Br)c3)c2c1,IC50,135.215,6.8689751275077064
CCS(=O)(=O)n1cc2c3ccc(cc31)OCCCCCCCOc1cc(ccc1N1CCOCC1)Nc1ncc(Cl)c-2n1,IC50,89.9,7.046240308266771
C=CC(=O)Nc1cc(-c2c(-c3ccccc3)oc3ncnc(NCC)c23)ccc1N(C)CCN(C)C,IC50,99.5,7.002176919254275
CCC(=O)N1CC[C@@H](n2c(=O)c(-c3ccccc3Cl)c(C)c3cnc(Nc4ccc(N5CCN(C)CC5)c(C)c4)nc32)C1,IC50,81.7,7.087777943467584
C=CC(=O)N1CCC[C@@H](n2nc(-c3cccc(F)c3)c3c(N)ncnc32)C1,IC50,130.0,6.886056647693163
C#Cc1cccc(Nc2ncnc3cc(O[C@H]4CCOC4)c(NC(=O)/C=C/CN(CC)CC)cc23)c1,IC50,100.0,7.0
C[C@@H](Nc1ncnc2[nH]c(-c3ccc(CN4CCN(CCCCCC(=O)NO)CC4)cc3)cc12)c1ccccc1,IC50,100.0,7.0
C=CC(=O)Nc1cc(Nc2ncc(Br)c(Nc3ccc4cc[nH]c4c3)n2)ccc1N1CCN(C)CC1,IC50,125.10000000000001,6.90274269030658
COc1cc(N2CCC(N3CCCCC3)CC2)c(OC)cc1Nc1nccc(-c2c(-c3cccc(C(=O)Nc4c(F)cccc4F)c3)nc3ccccn23)n1,IC50,100.0,7.0
CCC(=O)Nc1cc2c(Nc3ccc4c(ccn4S(=O)(=O)c4ccccc4)c3)ncnc2cc1OC,IC50,127.0,6.896196279044043
CN1CCN(C2CCN(c3ccc(Nc4ncc(Cl)c(Nc5ccccc5P(C)(C)=O)n4)cc3OC(F)(F)F)CC2)CC1,IC50,84.95,7.070836616794935
CC(=O)Nc1ccc(-c2c(-c3ccccc3)oc3ncnc(N[C@H](CO)c4ccccc4)c23)cc1,IC50,101.0,6.995678626217357
C=CC(=O)N1CC[C@H](N2C(=O)N(c3ccccc3)Cc3cnc(Nc4cccc(N5CCN(C)CC5)c4)nc32)C1,IC50,97.9,7.009217308196862
COc1cc(N2CCC(N3CCN(CCS(C)(=O)=O)CC3)CC2)ccc1Nc1nccc(-c2c(-c3cccc(C(=O)Nc4c(F)cccc4F)c3)nc3ccccn23)n1,IC50,100.0,7.0
COc1cc2ncnc(N[C@H](C)c3ccc(F)cc3)c2cc1OCCCCCCC(=O)NO,IC50,100.0,7.0
CCCCOc1cc2ncnc(Nc3cccc(Br)c3)c2cc1OCCCC,IC50,105.0,6.978810700930062
COc1cc(N2CCC(N3CCN(CCS(C)(=O)=O)CC3)CC2)c(C)cc1Nc1nccc(-c2c(-c3cccc(C(=O)Nc4c(F)cccc4F)c3)nc3ccccn23)n1,IC50,100.0,7.0
N#CC(C#N)=C(N)/C(C#N)=C/c1ccc(O)cc1,IC50,112.5,6.948847477552619
COc1cc(N2CCC(N3CCN(CCF)CC3)CC2)ccc1Nc1nccc(-c2c(-c3cccc(C(=O)Nc4c(F)cccc4F)c3)nc3c(C)cccn23)n1,IC50,100.0,7.0
C=CC(=O)Nc1ccc(-c2c(-c3ccccc3)oc3ncnc(N[C@H](CO)c4ccccc4)c23)cc1,IC50,82.0,7.086186147616283
O=C(/C=C/CN1CCOCC1)N1CCOc2cc3ncnc(Nc4ccc(F)c(Cl)c4)c3cc21,IC50,76.5,7.116338564846382
C=CC(=O)N1CC[C@H](n2cc(-c3cnc4ccccc4c3)c3c(N)ncnc32)C1,IC50,111.0,6.954677021213342
COc1ccc(N(C)c2nc(C)nc3oc(C)cc23)cc1OC,IC50,90.3,7.044312249686494
CCOc1cc2ncc(C#N)c(Nc3ccc(OCc4ccc(F)cc4F)c(Cl)c3)c2cc1NC(=O)/C=C/CN(C)C,IC50,110.0,6.958607314841775
COc1cc(N2CCC(N3CCC(O)CC3)CC2)ccc1Nc1nccc(-c2c(-c3cccc(C(=O)Nc4c(F)cccc4F)c3)nc3ccccn23)n1,IC50,100.0,7.0
COc1cc2ncnc(Nc3ccc(F)c(Cl)c3)c2cc1CCCCCC(=O)NO,IC50,100.0,7.0
COc1cc2ncnc(Nc3cccc(NC(=O)C45CC6CC(CC(C6)C4)C5)c3)c2cc1OCCCN1CCOCC1,IC50,81.055,7.091220189878602
O=C1COc2cc3ncnc(Nc4cccc(Br)c4)c3cc2N1CCCN1CCOCC1,IC50,89.6,7.047691990337874
CCN(CC)C/C=C/C(=O)N1CCCOc2cc3ncnc(Nc4ccc(OCc5cccc(F)c5)c(Cl)c4)c3cc21,IC50,80.0,7.096910013008056
COCCOc1cc2ncnc(Nc3cccc(OC)c3)c2c2c1OCCO2,IC50,134.5,6.871277715661574
O=C(O[C@H]1CN[C@H](C#Cc2cc3ncnc(Nc4ccc5c(cnn5Cc5ccccc5)c4)c3s2)C1)N1CCOCC1,IC50,80.0,7.096910013008056
CN(C)CCOc1cccc(Nc2nccc(-c3c(-c4cccc(C(=O)Nc5c(F)cc(F)cc5F)c4)nc4ccccn34)n2)c1,IC50,100.0,7.0
COc1cc(N2CCC(N3C[C@@H](C)O[C@@H](C)C3)CC2)ccc1Nc1nccc(-c2c(-c3cccc(C(=O)Nc4c(F)cccc4F)c3)nc3ccccn23)n1,IC50,100.0,7.0
CN(C)C(=O)O[C@@H]1CN[C@H](C#Cc2cc3ncnc(Nc4ccc(OCc5cccc(F)c5)c(Cl)c4)c3s2)C1,IC50,79.0,7.102372908709558
COc1cc2c(Nc3ccc(Oc4ccccc4)cc3)ncnc2cc1OCC1CCN(C)CC1,IC50,128.0,6.892790030352131
O=C(NC1=NC2C(=O)NN=C(c3ccc(Br)cc3)C2S1)Nc1ccc(Cl)cc1,IC50,80.0,7.096910013008056
Cn1cc(-c2cc(C(=O)/N=c3\[nH]c4ccccc4n3CC(C)(C)O)ccn2)cn1,IC50,72.0,7.142667503568731
COc1cc([C@H]2CC[C@@H](N3CCN(CCS(C)(=O)=O)CC3)CC2)ccc1Nc1nccc(-c2c(-c3cccc(C(=O)Nc4c(F)cccc4F)c3)nc3ccccn23)n1,IC50,100.0,7.0
Clc1ncc2ncnc(Nc3cccc(Br)c3)c2n1,IC50,82.59,7.083072533887007
CCOc1cc2ncc(C#N)c(Nc3ccc(OCc4ccccn4)c(F)c3)c2cc1NC(=O)/C=C/CN(C)C,IC50,92.0,7.036212172654444
C=CC(=O)Nc1cc(Nc2nccc(NC(=O)c3ccc(OC)c(OC)c3)n2)c(OC)cc1N1CCC(C(N)=O)CC1,IC50,91.345,7.039315219869614
Fc1cccc(COc2ccc(Nc3ncncc3C#Cc3ccccc3)cc2Cl)c1,IC50,79.0,7.102372908709558
COCCOc1cc2ncnc(Nc3ccc(OCc4cccc(F)c4)c(Cl)c3)c2cc1OCCCCCCC(=O)NO,IC50,100.0,7.0
COc1cc2ncnc(Nc3cc(Br)cc(Br)c3)c2cc1OC,IC50,113.0,6.94692155651658
C=CC(=O)Nc1ccc(OC)c(Nc2cc(-c3c(-c4ccc(F)cc4)nc(SC)n3C)ccn2)c1,IC50,111.0,6.954677021213342
COc1ccc(NC(=O)/C=C/CN(C)C)cc1Nc1ncc(Cl)c(-c2c[nH]c3ccccc23)n1,IC50,85.0,7.070581074285707
COc1cc2ncnc(Nc3cccc(Cl)c3F)c2cc1CN1CC[C@H](C(N)=O)C1,IC50,115.0,6.939302159646388
COc1cc2ncnc(-c3c[nH]c4ccc(Br)cc34)c2cc1OC,IC50,131.0,6.882728704344236
CCN(CC)[C@@](C)(CCc1ncnc2cc(OC)c(OC)cc12)Cc1ccccc1,IC50,130.0,6.886056647693163
COc1cc2c(Nc3ccc(Br)cc3F)ncnc2cc1OCCCN1CCN(C)CC1,IC50,95.0,7.022276394711152
CCOc1cc2ncc(C#N)c(Nc3ccc4c(ccn4S(=O)(=O)c4ccccc4)c3)c2cc1NC(=O)/C=C/CN(C)C,IC50,82.0,7.086186147616283
COc1cc(N2CCC(N3CCCCC3)CC2)c(F)cc1Nc1nccc(-c2c(-c3cccc(C(=O)Nc4c(F)cccc4F)c3)nc3ccccn23)n1,IC50,100.0,7.0
O=c1oc2cc3ncnc(Nc4ccc(F)c(Cl)c4)c3cc2n1CCCN1CCOCC1,IC50,78.0,7.107905397309519
COc1ccn2c(-c3ccnc(Nc4cccc(OCCN(C)C)c4)n3)c(-c3cccc(C(=O)Nc4cccc(F)c4F)c3)nc2c1,IC50,100.0,7.0
CN(C)CCc1ccc(Nc2nccc(-c3c(-c4cccc(NC(=O)c5c(F)cccc5F)c4)nc4sccn34)n2)cc1,IC50,110.39,6.9570702666568405
Fc1ccc(Nc2ncnc3ccc(C#CCN4CCCCC4)cc23)cc1Cl,IC50,88.7,7.052076380168273
COc1ccc2c(c1)CCN2c1nc(C)nc2oc(C)cc12,IC50,103.2,6.986320302708807
CN1CCN(c2ccc(Nc3nccc(Nc4ccc5[nH]ccc5c4)n3)cc2)CC1,IC50,100.0,7.0
COc1cc2ncnc(Nc3ccc(F)c(Cl)c3)c2cc1OCCN1CCCC1,IC50,87.0,7.060480747381382
Cc1cc(NC2=NC(=O)CS2)no1,IC50,81.0,7.0915149811213505
CN(C)c1ccc2ncncc2c1,IC50,120.0,6.920818753952375
CN(C)C1CCN(c2ccc(Nc3ncc4nc(Sc5ccccc5)n(C5CCOCC5)c4n3)cc2)CC1,IC50,104.0,6.982966660701219
Cc1nc(Nc2ccc(C(F)(F)F)cc2)c2cc(C)oc2n1,IC50,122.1,6.913284336055117
COc1cc2ncc(C#N)c(N[C@@H]3C[C@H]3c3ccc(Oc4ccccc4)cc3)c2cc1OC,Ki,80.0,7.096910013008056
C[C@@H](Nc1ncnc2[nH]c(-c3ccc(OCCCCCCC(=O)NO)cc3)cc12)c1ccccc1,IC50,100.0,7.0
COC1CCN(c2nccc(Nc3cc4[nH]c(-c5cn[nH]c5)cc4cn3)n2)CC1,Ki,90.0,7.045757490560675
COc1cc(N2CCC(N3CCN(CCS(C)(=O)=O)CC3)CC2)ccc1Nc1nccc(-c2c(-c3cccc(C(=O)Nc4c(F)cccc4F)c3)nc3c(F)cccn23)n1,IC50,100.0,7.0
CS(=O)(=O)CCNCCCCOc1ccc2ncnc(Nc3ccc(OCc4ccccc4)cc3)c2c1,IC50,74.065,7.130386972827871
C[C@@H](Nc1ncnc2[nH]c(-c3ccc(CN4CCN(CCCC(=O)NO)CC4)cc3)cc12)c1ccccc1,IC50,100.0,7.0
O=C(/C=C/CN1CCCCC1)N1CCOc2cc3ncnc(Nc4ccc(OCc5cccc(F)c5)c(Cl)c4)c3cc21,IC50,116.0,6.935542010773082
C=CC(=O)Nc1cccc(Nc2nc(Nc3ccc(NC(=O)Cn4ccnc4)cc3)ncc2[N+](=O)[O-])c1,IC50,118.7,6.925549281045409
C=CC(=O)Nc1cccc(Nc2nc(Nc3ccccc3OC)ncc2Br)c1,IC50,102.75,6.988218169451893
C=CC(=O)Nc1cc2c(Nc3ccc(Br)cc3F)ncnc2cc1OCCNC(=O)CN,IC50,89.0,7.050609993355087
CCOc1cc2ncnc(Nc3ccc4c(ccn4S(=O)(=O)c4ccccc4)c3)c2cc1NC(=O)/C=C/CN1CCOCC1,IC50,76.0,7.119186407719209
COc1cc(N2CCC(CN3CCCCC3)CC2)ccc1Nc1nccc(-c2c(-c3cccc(C(=O)Nc4c(F)cccc4F)c3)nc3ccccn23)n1,IC50,100.0,7.0
CC[C@@H](C)n1nc(N2CC(C(C)(C)O)C2)c2cnc(Nc3ccnc(-c4cnn(S(=O)(=O)C5CC5)c4)n3)cc21,IC50,48.5,7.314258261397736
COc1cc2c(Nc3ccc(Br)cc3F)ncnc2cc1OCC1CN(C)CCO1,IC50,50.0,7.301029995663981
C=CC(=O)N1CC[C@H](N2C(=O)N(C3CCCC3)Cc3cnc(Nc4ccc(N5CCN(C)CC5)cc4OC)nc32)C1,IC50,58.7,7.231361898752386
COc1cc2c(Nc3ccc(Br)c(Cl)c3Cl)ncnc2cc1OC[C@@H]1CO[C@H]2[C@@H]1OC[C@@H]2OC,IC50,50.0,7.301029995663981
COc1cc2c(Nc3ccc(Cl)c(Cl)c3)ncnc2cc1OCc1noc(C2CCCN2C)n1,IC50,50.0,7.301029995663981
O=C(C#CCN1CCOCC1)Nc1ccc2ncnc(Nc3ccc(F)c(Cl)c3)c2c1,IC50,58.5,7.232844133917819
COCCCN1CCC([C@H]2CC[C@H](n3nc(-c4ccc5nc(Cc6ccccc6Cl)[nH]c5c4)c4c(N)ncnc43)CC2)CC1,IC50,58.0,7.236572006437063
COc1cc2ncnc(Nc3cccc(Cl)c3F)c2cc1CN1CCCC[C@@H]1C(N)=O,IC50,41.5,7.3819519032879075
COc1cc2c(Nc3ccc(Cl)c(Cl)c3)ncnc2cc1OCc1noc(-c2ccccc2)n1,IC50,50.0,7.301029995663981
COc1cc2c(Nc3ccc(Cl)c(Cl)c3)ncnc2cc1OCc1ccc2nc(C(F)(F)F)cc(Cl)c2c1,IC50,50.0,7.301029995663981
ClCCN(CCN/N=N/c1ccc2ncnc(Nc3cccc(Cl)c3)c2c1)Cc1ccccc1,IC50,71.0,7.1487416512809245
C=CCN1CCOC(COc2cc3ncnc(Nc4ccc(Cl)c(Cl)c4)c3cc2OC)C1,IC50,50.0,7.301029995663981
COc1cc2c(Nc3cccc(Cl)c3F)ncnc2cc1O[C@H]1CO[C@H]2[C@@H]1OC[C@@H]2OC,IC50,50.0,7.301029995663981
C=CC(=O)Nc1cc2c(Nc3cc(OC)c(Cl)cc3Cl)ncnc2cc1OCCNC(C)=O,IC50,42.0,7.376750709602099
O=C(O[C@H]1CN[C@@H](C#Cc2cc3ncnc(Nc4ccc(OCc5cccc(F)c5)c(Cl)c4)c3s2)C1)N1CCOCC1,IC50,50.0,7.301029995663981
COc1cc2c(Nc3ccc(Cl)c(Cl)c3)ncnc2cc1OCC1CN(S(=O)(=O)c2ccccc2)CCO1,IC50,50.0,7.301029995663981
COc1cc2c(Nc3ccc(Cl)c(Cl)c3)ncnc2cc1OCc1csc(C2CCN(C)CC2)n1,IC50,50.0,7.301029995663981
COc1cc2c(Nc3ccc(Cl)c(Cl)c3)ncnc2cc1OC[C@H]1CN2CCC[C@@H]2CO1,IC50,50.0,7.301029995663981
O=C(Nc1ccc2ncnc(Nc3cccc(Cl)c3)c2c1)C1CCC2(CC1)OOC1(O2)C2CC3CC(C2)CC1C3,IC50,40.625,7.391206626013069
OC1CCN(Cc2ccn3ncnc(Nc4ccc5c(cnn5Cc5cccc(F)c5)c4)c23)CC1,IC50,68.0,7.167491087293763
C=CC(=O)Nc1cc(Nc2nccc(Nc3cnn(C)c3)n2)c(OC)cc1N(C)CCN(C)C,IC50,54.35,7.2648004515776865
CC1(C)CC[C@]2(C(=O)OCCO[N+](=O)[O-])CC[C@]3(C)C(=CC[C@@H]4[C@@]5(C)CC[C@H](O)C(C)(C)[C@@H]5CC[C@]43C)[C@@H]2C1,IC50,70.0,7.154901959985743
CCCCCCN1CCOC(COc2cc3ncnc(Nc4ccc(Cl)c(Cl)c4)c3cc2OC)C1,IC50,50.0,7.301029995663981
CN(C)CCN(C)Cc1c[nH]c2cc3ncnc(Nc4cccc(Br)c4)c3cc12,IC50,44.293,7.353664903609528
COc1cc2c(Nc3ccc(Cl)c(Cl)c3C)ncnc2cc1OCC1CN(C)CCO1,IC50,50.0,7.301029995663981
C=CC(=O)N1CCC(C2CCNc3c(C(N)=O)c(-c4ccc(Oc5ccccc5)c(O)c4)nn32)CC1,IC50,61.0,7.214670164989233
CN(C)C/C=C/C(=O)N1CCC[C@@H](n2nc(-c3ccc(Oc4ccccc4)cc3)c3c(N)ncnc32)C1,IC50,48.8,7.311580177997289
CN(CCO)c1nc(Nc2ccccc2)nc2cnc(Nc3ccc(N4CCC(N(C)C)CC4)cn3)cc12,IC50,51.3,7.289882634888183
COc1cc2c(Nc3ccc(Cl)c(Cl)c3F)ncnc2cc1OC[C@@H]1CN2CCOC[C@H]2CO1,IC50,50.0,7.301029995663981
C[C@@H](Nc1ncnc2[nH]c(-c3ccc(Br)cc3)cc12)c1ccccc1,IC50,63.0,7.200659450546418
C=C(Cl)C(=O)Nc1cccc(Nc2nc(Nc3ccc(N4CCN(C(C)=O)CC4)nc3)ncc2Cl)c1,IC50,68.75,7.1627272974977
CN(C)CCn1ncc2cc(Nc3ncc(Cl)c(-c4cn(C)c5ccccc45)n3)ccc21,IC50,71.0,7.1487416512809245
C=CC(=O)Nc1cc2c(Nc3ccc(Br)cc3F)ncnc2cc1OCCNC(=O)C1CCCN1C,IC50,46.5,7.332547047110046
COc1cc2c(Nc3ccc(Cl)c(Cl)c3)ncnc2cc1OCc1noc(C2CCCCN2C(=O)OC(C)(C)C)n1,IC50,50.0,7.301029995663981
COc1cc(/C=C2\CN(C)C/C(=C\c3cc(OC)c(OC)c(OC)c3Br)C2=NO)c(Br)c(OC)c1OC,IC50,70.0,7.154901959985743
C=CC(=O)Oc1ccc(-n2c(=O)cnc3cnc(Nc4ccc(OC)cc4)nc32)cc1,IC50,60.4,7.218963061378869
COc1cc2c(Nc3ccc(Cl)c(Cl)c3)ncnc2cc1OCC1CN(/C(=N/C#N)N2CCCC2)CCO1,IC50,50.0,7.301029995663981
Cc1cccc(CN(C)c2ncnc3[nH]c(-c4ccc(C(=O)O)cc4)cc23)c1,IC50,53.0,7.275724130399211
COc1cc2c(Nc3ccc(Cl)c(Cl)c3)ncnc2cc1OCc1noc(C2CCCN2)n1,IC50,50.0,7.301029995663981
C=CC(=O)Nc1cccc(N2C(=O)OC(C)c3cnc(Nc4ccc(N5CCN(C)CC5)cc4OC)nc32)c1,IC50,47.4,7.324221658325915
COc1cc2c(Nc3ccc(Br)c(Cl)c3)ncnc2cc1O[C@@H]1CO[C@H]2[C@@H]1OC[C@@H]2OS(C)(=O)=O,IC50,50.0,7.301029995663981
O=C(C#CCN1CCCCC1)Nc1ccc2ncnc(Nc3cccc(Br)c3)c2c1,IC50,57.0,7.2441251443275085
COc1cc2ncnc(Nc3ccc(F)c(Cl)c3)c2cc1OCCCCCC(=O)NO,IC50,51.7,7.286509456906058
COc1cc2ncnc(Nc3ccc(OCc4cccc(F)c4)c(Cl)c3)c2cc1OCCCCCCC(=O)NO,IC50,54.54,7.263284866394389
COc1cc2c(Nc3ccc(Cl)c(Cl)c3)ncnc2cc1OCC1CCCO1,IC50,50.0,7.301029995663981
CCN(CC)C(=O)O[C@H]1CN[C@H](C#Cc2cc3ncnc(Nc4ccc(OCc5cccc(F)c5)c(Cl)c4)c3s2)C1,IC50,63.0,7.200659450546418
CN1CCN(CCC(=O)N2CCOc3c2ccc2ncnc(Nc4cccc(Br)c4)c32)CC1,IC50,40.7,7.39040559077478
CCN(CC)CCCOc1cc2c(Nc3ccc(F)c(Cl)c3)ncnc2cc1OC,IC50,57.0,7.2441251443275085
COc1cc2c(Nc3ccc(Cl)c(Cl)c3)ncnc2cc1OCCN1CCCCC1,IC50,50.0,7.301029995663981
CN(C)CCNc1cc2ncnc(Nc3cccc(Br)c3)c2cn1,IC50,44.835,7.348382825905038
COc1cc2c(Nc3ccc(Cl)c(Cl)c3)ncnc2cc1OCc1cc(F)cc(F)c1,IC50,50.0,7.301029995663981
C=CC(=O)N1C[C@H](COc2nc(Nc3cnn(C)c3)nc3[nH]ccc23)[C@@H](C(F)(F)F)C1,IC50,47.0,7.327902142064282
COc1cc2c(Nc3ccc(Br)c(Cl)c3)ncnc2cc1O[C@@H]1CO[C@H]2[C@@H]1OC[C@@H]2NS(C)(=O)=O,IC50,50.0,7.301029995663981
CCN1CCN(c2noc(COc3cc4ncnc(Nc5ccc(Cl)c(Cl)c5)c4cc3OC)n2)CC1,IC50,50.0,7.301029995663981
COc1cc2c(Nc3ccc(Cl)c(Cl)c3)ncnc2cc1OCC1CCCCC1,IC50,50.0,7.301029995663981
COc1cc2c(Nc3ccc(Br)c(Cl)c3F)ncnc2cc1OC[C@@H]1CN2CCOC[C@H]2CO1,IC50,50.0,7.301029995663981
COc1cc(N2CCC(N3CCN(C)CC3)CC2)c(C)cc1Nc1nccc(-n2cc(CNC(C)CO)c(-c3ccccc3)n2)n1,IC50,44.89,7.347850394598347
COc1cc2c(Nc3ccc(Cl)c(Cl)c3)ncnc2cc1OC[C@@H]1CN2CCC[C@H]2CO1,IC50,50.0,7.301029995663981
C=CCCCCCCN1CCOC(COc2cc3ncnc(Nc4ccc(Cl)c(Cl)c4)c3cc2OC)C1,IC50,50.0,7.301029995663981
CCN1CCC(c2nc(COc3cc4ncnc(Nc5ccc(Cl)c(Cl)c5)c4cc3OC)no2)CC1,IC50,50.0,7.301029995663981
C=CC(=O)Nc1cc(Nc2nccc(NC(=O)c3ccccc3)n2)c(OC)cc1N(C)C,IC50,63.656499999999994,7.196157243699205
COc1cc2c(Nc3ccc(Br)c(Cl)c3F)ncnc2cc1OC[C@@H]1CN(C)CC(=O)N1,IC50,50.0,7.301029995663981
COc1cc(NC(=O)Nc2ccccn2)cc(-c2cccnc2)c1OC,IC50,48.81,7.311491192343478
CC[C@H](C)[C@@H](NC(=O)OC(C)(C)C)C(=O)Nc1ccc2ncnc(Nc3cccc(Br)c3)c2c1,IC50,55.5,7.255707016877324
COc1cc2c(Nc3ccc(Cl)c(Cl)c3)ncnc2cc1OCc1nccn1Cc1ccccc1,IC50,50.0,7.301029995663981
CCN1CCC[C@H]1c1noc(COc2cc3ncnc(Nc4ccc(Cl)c(Cl)c4)c3cc2OC)n1,IC50,50.0,7.301029995663981
COc1cc2c(Nc3ccc(Cl)c(Cl)c3)ncnc2cc1OCC1CN(CC2C=CC=CO2)CCO1,IC50,50.0,7.301029995663981
CCC#CCN1CCOC(COc2cc3ncnc(Nc4ccc(Cl)c(Cl)c4)c3cc2OC)C1,IC50,50.0,7.301029995663981
O=C(O[C@@H]1CN[C@@H](C#Cc2cc3ncnc(Nc4ccc(OCc5cccc(F)c5)c(Cl)c4)c3s2)C1)N1CCOCC1,IC50,40.0,7.3979400086720375
COc1cc2c(N[C@H]3COC[C@@H]3OC)ncnc2cc1O[C@H]1CO[C@H]2[C@@H]1OC[C@@H]2O,IC50,50.0,7.301029995663981
COc1cc2ncc(C#N)c(N[C@@H]3C[C@H]3c3cccc(Br)c3)c2cc1OC,Ki,52.0,7.2839966563652006
CN(C)CCN1Cc2cc3c(Nc4cccc(Br)c4)ncnc3cc21,IC50,40.74,7.389978975335855
C=CCCCN1CCOC(COc2cc3ncnc(Nc4ccc(Cl)c(Cl)c4)c3cc2OC)C1,IC50,50.0,7.301029995663981
O=C(NOCc1ccccc1)c1cc(NCc2cc(O)ccc2O)ccc1O,IC50,50.0,7.301029995663981
COc1cc2c(Nc3ccc(Cl)c(Cl)c3)ncnc2cc1OCc1nc(-c2ccc(N3CCCC3)cc2)cs1,IC50,50.0,7.301029995663981
CCN(CC)CCON=C1/C(=C/c2cc(OC)c(OC)c(OC)c2Br)CN(C)C/C1=C\c1cc(OC)c(OC)c(OC)c1Br,IC50,50.0,7.301029995663981
C=CC(=O)Nc1cc(Nc2nccc(NC(=O)c3cccc(OC)c3)n2)c(OC)cc1N1CCC(C(N)=O)CC1,IC50,41.555,7.3813767133536174
COc1cc2c(Nc3ccc(Cl)c(Cl)c3)ncnc2cc1OCc1noc(-c2c(C)noc2C)n1,IC50,50.0,7.301029995663981
CCCN1CCOC(COc2cc3ncnc(Nc4ccc(Cl)c(Cl)c4)c3cc2OC)C1,IC50,50.0,7.301029995663981
O=C1Nc2ccc(S(=O)(=O)N3CCOCC3)cc2/C1=N/Nc1ccccc1,IC50,46.0,7.337242168318426
CCS(=O)(=O)n1cc(-c2ccnc(Nc3ccc4c(cnn4CCN4CCOCC4)c3)n2)c2ccccc21,IC50,56.0,7.251811972993799
O=C1COc2cc3ncnc(Nc4cccc(Cl)c4)c3cc2N1CCCN1CCOCC1,IC50,63.1,7.199970640755866
COc1cc2c(Nc3ccc(Br)c(Cl)c3Cl)ncnc2cc1OC[C@@H]1CN2CCOC[C@H]2CO1,IC50,50.0,7.301029995663981
C[C@@H](Nc1ncnc2oc(-c3ccc(C#N)cc3)cc12)c1ccccc1,IC50,44.0,7.356547323513812
COc1cc2c(Nc3ccc(Br)c(Cl)c3)ncnc2cc1O[C@H]1CO[C@H]2[C@@H]1OC[C@@H]2NC(C)=O,IC50,50.0,7.301029995663981
O=C1c2cc(F)ccc2Nc2ccccc2N1Cc1ccccc1,IC50,52.0,7.2839966563652006
COc1ccc(OC)c(Nc2cc(NC(=O)CCCC(=O)O)ncn2)c1,IC50,68.0,7.167491087293763
COc1cc2ncnc(Nc3ccc(F)c(Cl)c3)c2cc1OC[C@H](O)CN1CCOCC1,IC50,67.0,7.173925197299173
Fc1cccc(COc2ccc(Nc3ncnc4cc(-c5ccc[nH]5)sc34)cc2Cl)c1,IC50,68.0,7.167491087293763
C=CC(=O)Nc1cc2c(Nc3ccc(Br)c(Cl)c3F)ncnc2cc1OCCNC(=S)NCC,IC50,68.0,7.167491087293763
NC1CCN(Cc2ccn3ncnc(Nc4ccc(OCc5cccc[n+]5[O-])c(Cl)c4)c23)CC1,IC50,70.0,7.154901959985743
COc1cc2c(Nc3ccc(Cl)c(Cl)c3)ncnc2cc1OCC1CN(C)CCN1C,IC50,50.0,7.301029995663981
CCN(CC)CCn1ncc2cc(Nc3nccc(-c4cn(S(=O)(=O)CC)c5ccccc45)n3)cc(NC(=O)C(C)C)c21,IC50,60.0,7.221848749616356
Nc1ccc2ncnc(Nc3cccc(Br)c3)c2c1,IC50,40.0,7.3979400086720375
NCCCOCc1ccn2ncnc(Nc3ccc4c(cnn4Cc4cccc(F)c4)c3)c12,IC50,64.0,7.1938200260161125
C=CC(=O)Nc1cccc(-n2c(=O)cc(C)c3cnc(Nc4ccc(N5CC(C)N(C)C(C)C5)cc4OC)nc32)c1,IC50,50.15,7.299729062643563
COC(=O)CCC(=O)N1CCOC(COc2cc3ncnc(Nc4ccc(Cl)c(Cl)c4)c3cc2OC)C1,IC50,50.0,7.301029995663981
O=C(Cc1ccccc1)Nc1cccc(-c2nc3sccn3c2-c2ccnc(Nc3ccc(N4CCOCC4)cc3)n2)c1,IC50,63.0,7.200659450546418
S=C(Nc1cncc(Cl)c1)Nc1ccc2ncnc(Nc3cccc(Cl)c3)c2c1,IC50,55.5,7.255707016877324
O=c1oc2cc3ncnc(Nc4ccc(OCc5ccc(Cl)cc5)c(Cl)c4)c3cc2n1CCCN1CCOCC1,IC50,61.0,7.214670164989233
C=CC(=O)Nc1ccc(OC)c(Nc2cc(-c3[nH]c(SC)nc3-c3cccc(NC(=O)c4c(F)ccc(O)c4CN4C(=O)c5ccccc5C4=O)c3)ccn2)c1,IC50,25.95,7.585862637815524
N#Cc1cnc2ccc(NCc3c[nH]cn3)cc2c1Nc1ccc(F)c(Cl)c1,IC50,30.0,7.522878745280337
CS(=O)(=O)CCOCc1ccc(-c2ccc3ncnc(Nc4ccc(OCc5cccc(F)c5)c(Cl)c4)c3c2)o1,IC50,26.0,7.585026652029182
CCC/C=C\C(=O)Nc1cc(Nc2nc3c(c(-c4cn(C)c5ccccc45)n2)CS(=O)(=O)CC3)c(OC)cc1N(C)CCN(C)C,IC50,16.0,7.795880017344075
C#Cc1cccc(N2C(=O)Nc3c(C(=O)Nc4ccc(CN5CCCC5)cc4)sc4ncnc2c34)c1,IC50,26.0,7.585026652029182
CCC(=O)NCCSc1nc(-c2ccc(F)cc2)c(-c2ccnc(Nc3ccccc3)c2)[nH]1,IC50,33.0,7.481486060122112
COc1cc2ncnc3c2cc1OCCOCCOCCOc1cc(Cl)ccc1N3,IC50,38.3,7.416801226031377
CCC(=O)N1CC[C@H](N2C(=O)N(c3ccccc3OC)Cc3cnc(Nc4ccc(N5CCN(C)CC5)c(C)c4)nc32)C1,IC50,27.4,7.562249437179612
COCC#CC(=O)Nc1ccc2nccc(Oc3ccc(C(=O)Nc4ccccn4)cc3)c2c1,IC50,16.0,7.795880017344075
CS(=O)(=O)CCNCCCCOc1ccc2ncnc(Nc3ccc(OCc4cccc(F)c4)c(Cl)c3)c2c1,IC50,26.96,7.569280112136718
CCS(=O)(=O)n1cc(-c2ccnc(Nc3ccc4c(ccn4CCN(C)C)c3)n2)c2ccccc21,IC50,24.0,7.619788758288394
O=C(Nc1ccc(Cl)cc1)Nc1ccc2ncnc(Nc3cccc(Br)c3)c2c1,IC50,19.3,7.714442690992226
CS(=O)(=O)CCNCc1ccc(-c2ccc3ncnc(Nc4ccc(OCc5ccccc5)c(Br)c4)c3c2)o1,IC50,25.0,7.6020599913279625
CN1CCN(c2ccc(Nc3ncnc4cc5oc(=O)n(CCOC(=O)CCl)c5cc34)cc2Cl)CC1,IC50,20.0,7.698970004336019
Cc1ncnc(Nc2ccc(OCc3cccc(F)c3)c(Cl)c2)c1C#CCCCN1CCOCC1,IC50,34.0,7.468521082957745
Nc1ncnc(Nc2ccc3c(cnn3Cc3cccc(F)c3)c2)c1/C=N/N1CCOCC1,IC50,16.0,7.795880017344075
C=CC(=O)N(C)c1nc2c(Cc3ccc(F)c(Cl)c3)ncnc2cc1OCCCN1CCOCC1,IC50,19.95,7.700057099977233
COC1CCN(c2nccc(Nc3cc4c(cn3)ncn4C3CCCC3)n2)CC1,Ki,20.0,7.698970004336019
N#Cc1ccc(O)c(-c2nc(NCc3cnccn3)c3ccccc3n2)c1,IC50,28.3,7.548213564475709
C=CC(=O)N1CCC[C@H]1C(=O)Nc1cc2c(Nc3cccc(Cl)c3F)ncnc2cc1OCCOC,IC50,18.5,7.732828271596986
Cc1ccc(C(=O)Nc2ccc(CN3CCN(C)CC3)c(C(F)(F)F)c2)cc1NC(=O)c1cnc2[nH]ncc2c1,IC50,30.0,7.522878745280337
Cc1cc(Nc2ncc3c(n2)N([C@H]2CCN(C(=O)CC(C)C)C2)C(=O)N(c2ccccc2Cl)C3)ccc1N1CCN(C)CC1,IC50,22.2,7.653647025549361
CO[C@H]1[C@@H](N(C)CC(=O)O)C[C@@H]2O[C@@]1(C)n1c3ccccc3c3c4c(c5c6ccccc6n2c5c31)C(=O)NC4,IC50,31.0,7.508638306165727
COc1cc2ncnc(Nc3cccc(Cl)c3F)c2cc1CN(C)[C@@H](CO)C(N)=O,IC50,25.0,7.6020599913279625
C=CC(=O)N1CCC[C@@H](n2nc(-c3ccc(F)c4ccccc34)c3c(N)ncnc32)C1,IC50,20.0,7.698970004336019
CN1CCN(c2ccc(Nc3cc4c(N5CCOCC5)nc(Nc5ccccc5)nc4cn3)nc2)CC1,IC50,29.3,7.53313237964589
C=CC(=O)Nc1cc(Nc2ncc3nc(Nc4ccccc4)n(C(C)C)c3n2)c(OC)cc1N(C)CCN(C)C,IC50,23.05,7.637329070274333
CN(C)C/C=C/C(=O)N1CCCC1Cn1nc(-c2ccc(Oc3ccccc3)cc2)c2c(N)ncnc21,IC50,18.85,7.724688645458189
C=CC(=O)Nc1cccc(Oc2nc(Nc3ccc(N4CCN(C(C)=O)CC4)cc3OC)ncc2C(F)(F)F)c1,IC50,37.05,7.431211787684653
CCOc1cc2ncc(C#N)c(Nc3ccc(OCc4ccccc4)c(Cl)c3)c2cc1NC(=O)/C=C/CN1CCCCC1,IC50,31.0,7.508638306165727
CCN(CC)C/C=C/C(=O)Nc1cc2c(Nc3ccc(F)c(Cl)c3)ncnc2s1,IC50,21.5,7.667561540084394
CCOC(=O)/C=C/C(=O)Nc1ccc2ncnc(Nc3cccc(Br)c3)c2c1,IC50,33.35,7.4769041617474326
S=C(Nc1ccc(Cl)cc1)Nc1ccc2ncnc(Nc3cccc(Br)c3)c2c1,IC50,19.5,7.709965388637482
CCOc1cc2ncc(C#N)c(Nc3ccc(OCc4ccccc4)c(Cl)c3)c2cc1NC(=O)/C=C/CN1CCSCC1,IC50,16.0,7.795880017344075
COc1cc2c(Nc3ccc(-c4nc5ccccc5s4)c(C)c3)ncnc2cc1OCCCN1CCN(C)CC1,IC50,32.0,7.494850021680094
C=CC(=O)Nc1cc(Nc2ncc(I)c(Nc3ccccc3S(=O)(=O)C(C)C)n2)c(OC)cc1N(C)CCN(C)C,IC50,33.0,7.481486060122112
O[C@H]1CNCCN(Cc2ccn3ncnc(Nc4ccc5c(cnn5Cc5cccc(F)c5)c4)c23)C1,IC50,26.0,7.585026652029182
C=CC(=O)Nc1cccc(Nc2nc(Nc3ccc(OC)c(OC)c3OC)ncc2Cl)c1,IC50,35.25,7.452840878672582
C=CC(=O)Nc1cc(Nc2nccc(-c3cn(S(=O)(=O)CC)c4ccccc34)n2)cc2cnn(CCN(C)C)c12,IC50,31.0,7.508638306165727
COc1cc2c(Nc3ccc(Cl)c(Cl)c3F)ncnc2cc1OC[C@@H]1C[C@@H]2CN(C)C[C@@H]2C1,IC50,25.15,7.599462010608054
O=C(/C=C/CN1CCCC1)Nc1cc2c(Nc3ccc(OCc4cccc(F)c4)c(Cl)c3)ncnc2cn1,IC50,26.5,7.576754126063192
C=CC(=O)Nc1cccc(-c2c(-c3ccc(N4CCN(C)CC4)cc3)oc3ncnc(NCCO)c23)c1,IC50,16.0,7.795880017344075
CCOc1cc2ncnc(Nc3ccc(OCc4cccc(F)c4)c(Cl)c3)c2cc1NC(=O)/C=C/CN1CCN(C)CC1,IC50,16.5,7.782516055786093
CCC(=O)Nc1cc(Nc2nccc(-c3cn(S(=O)(=O)CC)c4ccccc34)n2)cc2cnn(CCN(CC)CC)c12,IC50,21.0,7.6777807052660805
CC1CCCCN1C/C=C/C(=O)N1CCOc2cc3ncnc(Nc4ccc(F)c(Cl)c4)c3cc21,IC50,23.0,7.638272163982407
C=CC(=O)Nc1cccc(-c2c(-c3ccc(N4CCN(C)CC4)nc3)oc3ncnc(NC4CCCC4)c23)c1,IC50,33.0,7.481486060122112
C#Cc1cccc(Nc2ncnc3cc4c(cc23)N(C(=O)/C=C/CN2CCCC2)CCO4)c1,IC50,31.5,7.501689446210399
CCOc1cc2ncnc(Nc3ccc(F)c(Cl)c3)c2cc1OC(=O)CSc1ncccn1,IC50,27.0,7.568636235841012
COc1ccc(-c2coc3cc(OCC(=O)N/C=C\c4ccc(O)cc4)ccc3c2=O)cc1,IC50,33.1,7.480172006224281
CCN(CC)CCn1ncc2cc(Nc3nccc(-c4cn(S(=O)(=O)CC)c5ccccc45)n3)cc(NC(=O)C3CC3)c21,IC50,26.0,7.585026652029182
CCN1CCN(c2ccc(Nc3nccc(-c4sc(C5CCN(S(=O)(=O)CC)CC5)nc4-c4ccc(F)cc4)n3)cc2)CC1,IC50,26.0,7.585026652029182
C#Cc1cccc(Nc2ncnc3cc(OCCOC(=O)CC4=C(C)/C(=C\c5ccc([S+](C)[O-])cc5)c5ccc(F)cc54)c(OCCOC)cc23)c1,IC50,31.0,7.508638306165727
C=CC(=O)Nc1cccc(Oc2nc(Nc3ccc(N4CCCOCC4)cc3OC)ncc2Cl)c1,IC50,35.25,7.452840878672582
N#Cc1cccc(Nc2ncnc3cc4c(cc23)OCCO4)c1,IC50,34.65,7.460296761052175
S=C(Nc1ccccc1)Nc1ccc2ncnc(Nc3cccc(Br)c3)c2c1,IC50,15.8,7.801342913045577
c1cc(Nc2ccc3[nH]ccc3c2)c2sc(-c3ccc(CN4CCOCC4)cc3)cc2n1,IC50,30.0,7.522878745280337
C=CC(=O)Nc1cccc(-c2c(-c3ccccc3)oc3ncnc(N[C@H](CO)c4ccccc4)c23)c1,IC50,23.5,7.628932137728263
CN(C)C/C=C/C(=O)Nc1cc2c(Nc3ccc4c(cnn4Cc4ccccc4)c3)ncnc2cn1,IC50,22.0,7.657577319177793
Fc1ccc(Nc2ncnc3cc4c(cc23)OCCO4)c(F)c1Br,IC50,18.75,7.726998727936262
CCOC(=O)N1CCN([C@H]2CC[C@H](n3nc(-c4ccc5nc(Cc6ccccc6OC)[nH]c5c4)c4c(N)ncnc43)CC2)CC1,IC50,30.0,7.522878745280337
CCN(CC)CCn1ncc2cc(Nc3nccc(-c4cn(S(=O)(=O)CC)c5ccccc45)n3)cc(NC(=O)C=C(C)C)c21,IC50,23.0,7.638272163982407
COc1ccc(-c2nnc(-n3c(-c4ccccc4)nc4cc(Cl)ccc4c3=O)o2)cc1,IC50,21.0,7.6777807052660805
CNC(=O)[C@@H](C)N(C)Cc1cc2c(Nc3cccc(Cl)c3F)ncnc2cc1OC,IC50,25.0,7.6020599913279625
CCOc1cc2ncc(C#N)c(Nc3ccc(OCc4ccco4)c(Cl)c3)c2cc1NC(=O)/C=C/CN(C)C,IC50,23.0,7.638272163982407
CC(C)N1CCN(C/C=C/C(=O)Nc2cc3c(Nc4ccc(F)c(Cl)c4)ncnc3s2)CC1,IC50,18.0,7.7447274948966935
C=CC(=O)N(C)CCn1nc(-c2ccc(Oc3ccccc3)cc2)c2c(N)ncnc21,IC50,28.22,7.549442990581671
Fc1ccc(-c2ncn(CCCN3CCOCC3)c2-c2ccc3[nH]ncc3c2)cc1,Ki,27.0,7.568636235841012
COc1cc2ncnc(Oc3cccc(Cl)c3)c2cc1OC,IC50,20.0,7.698970004336019
C[C@@H](Nc1ncnc2sc(-c3ccc(C(=O)O)cc3)cc12)c1ccccc1,IC50,19.0,7.721246399047171
O=C1Nc2ncnc(Nc3ccc(F)c(Cl)c3)c2/C1=C/c1ccc(C(=O)NCCN2CCOCC2)[nH]1,IC50,22.0,7.657577319177793
C=CC(=O)Nc1cccc(Oc2nc(Nc3ccn(C)n3)nc3[nH]ccc23)c1,IC50,17.3,7.761953896871205
CN(C)[C@@H](CS(C)(=O)=O)c1ccc(-c2ccc3ncnc(Nc4ccc(OCc5cccc(F)c5)c(Cl)c4)c3c2)o1,IC50,30.4,7.517126416391246
CS(=O)(=O)NCCNCc1ccc(-c2ccc3ncnc(Nc4ccc(OCc5cccc(F)c5)c(Cl)c4)c3c2)o1,IC50,17.119999999999997,7.766496239658865
CSC1CCN(C/C=C/C(=O)Nc2cc3c(Nc4ccc(F)c(Cl)c4)ncnc3s2)CC1,IC50,22.0,7.657577319177793
Cc1c(C#Cc2ccc(CN3CCC(CO)CC3)cc2)cc(C(F)F)c2cn(C(C(=O)Nc3nccs3)c3ncn4c3CCC43CC3)nc12,IC50,16.0,7.795880017344075
O=C(NO)c1ccccc1Nc1nc(Nc2ccc(OCCN3CCOCC3)cc2)ncc1Cl,IC50,24.3785,7.612993019872843
O=C(CCl)OCCn1c(=O)oc2cc3ncnc(Nc4ccc(N5CCOCC5)c(Cl)c4)c3cc21,IC50,19.0,7.721246399047171
CN(CCOc1cccc2ncnc(Nc3ccc(OCc4ccccn4)c(Cl)c3)c12)C(=O)CO,IC50,35.0,7.455931955649724
Cc1ccccc1Nc1nc2cc(F)c(N(C)C(=O)/C=C/CN(C)C)cc2n2cncc12,IC50,17.2,7.764471553092451
COc1cc2nccc(Oc3ccc(C(=O)Nc4ccccn4)cc3)c2cc1NC(=O)C#CCN1CCOCC1,IC50,24.0,7.619788758288394
CS(=O)(=O)CCNCc1ccc(-c2ccc3ncnc(Nc4ccc(OCc5ccccc5)cc4)c3c2)o1,IC50,27.0,7.568636235841012
C=C=CCCCOc1cc2c(Nc3cccc(Cl)c3)ncnc2cc1O,IC50,28.5,7.54515513999149
O=C(O)[C@H]1O[C@@H]1C(=O)Nc1ccc2ncnc(Nc3cccc(Br)c3)c2c1,IC50,34.0,7.468521082957745
COc1cc2c(Nc3ccc(NC(=O)Nc4ccc(Cl)cc4)c(Cl)c3)ncnc2cc1OCCCN1CCOCC1,IC50,17.0,7.769551078621726
CCN(CC)CCn1ncc2cc(Nc3nccc(-c4cn(S(=O)(=O)CC)c5ccccc45)n3)cc(Cl)c21,IC50,24.0,7.619788758288394
C=C=CCOc1cc2c(Nc3cccc(Cl)c3)ncnc2cc1O,IC50,16.9,7.772113295386326
Cc1ccccc1C(C)Nc1ncnc2[nH]c(-c3ccc(O)cc3)cc12,IC50,17.0,7.769551078621726
C=CC(=O)Nc1cc(Nc2ccnc(-c3cn(C)c4ccccc34)n2)c(OC)cc1N(C)CCN(C)C,IC50,35.5,7.449771646944906
C=CC(=O)N1CCC(Oc2nc(Nc3ccc(N4CCN(C)CC4)cc3OC)nc3[nH]ccc23)CC1,IC50,24.56,7.60977163753087
COc1cc2ncnc(Nc3ccc(OCc4cccc(F)c4)c(Cl)c3)c2cc1OCCCCn1ccnc1[N+](=O)[O-],IC50,28.5,7.54515513999149
CC(=O)Nc1c(Br)cccc1Nc1ncnc2ccncc12,IC50,29.51,7.5300307905000405
COc1cc(N2CCC(N3CCN(C)CC3)CC2)ccc1Nc1ncc(Cl)c(-c2cn(S(=O)(=O)C3CC3)c3ccccc23)n1,IC50,33.3,7.47755576649368
Fc1cccc(COc2ccc(Nc3ncnc4ccc(-c5ccc(CN6CCOCC6)o5)cc34)cc2Cl)c1,IC50,26.0,7.585026652029182
CN(C)CCCCC(=O)Nc1cccc(-c2c(-c3ccccc3)oc3ncnc(N[C@H](CO)c4ccccc4)c23)c1,IC50,19.0,7.721246399047171
Nc1nccc(C#Cc2cncnc2Nc2ccc(OCc3cccc(F)c3)c(Cl)c2)n1,IC50,32.0,7.494850021680094
COc1cc2c(Nc3ccc(-c4nc5ccccc5s4)c(Cl)c3)ncnc2cc1OCCCN1CCN(C)CC1,IC50,16.0,7.795880017344075
C=CC(=O)Nc1cc(-c2c(-c3ccccc3)oc3ncnc(NC(C)C)c23)ccc1N(C)CCN(C)C,IC50,20.0,7.698970004336019
CS(=O)(=O)CCNCc1nc(-c2ccc3ncnc(Nc4ccc(F)c(Cl)c4)c3c2)cs1,IC50,34.67,7.460046158343603
C/C(=C\c1c(C)ncnc1Nc1ccc(OCc2cccc(F)c2)c(Cl)c1)C(=O)NCCN1CCOCC1,IC50,28.0,7.552841968657781
CSc1nc(-c2cccc(NC(=O)c3c(F)ccc(O)c3CN3C(=O)c4ccccc4C3=O)c2)c(-c2ccnc(NC(C)=O)c2)[nH]1,IC50,16.6,7.779891911959945
OC1CCN(CCCOc2n[nH]c3ncnc(Nc4ccc(OCc5ccccn5)c(Cl)c4)c23)CC1,IC50,9.0,8.045757490560675
CN(C)CCCCNc1cc2ncnc(Nc3cccc(Br)c3)c2cn1,IC50,7.4065,8.130386972827871
CCOC(=O)CCCn1c(=O)oc2cc3ncnc(Nc4cccc(O)c4)c3cc21,IC50,8.7,8.060480747381382
Clc1cccc(Nc2ncnc3cc4c(cc23)OCCO4)c1,IC50,7.605,8.118900781610982
Nc1cc2ncnc(Nc3cccc(Br)c3)c2cn1,IC50,10.0,8.0
O=C(Nc1cc2c(Nc3ccc(F)c(Cl)c3)ncnc2cc1OCCCN1CCOCC1)c1cc([N+](=O)[O-])ccc1Cl,IC50,8.3,8.080921907623926
COCCOc1cc2ncnc(Nc3ccc(NC(=O)C45CC6CC(CC(C6)C4)C5)c(OC)c3)c2cc1OCCOC,IC50,8.370000000000001,8.07727454200674
C=CC(=O)Nc1cccc(Oc2nc(Nc3ccc(N4CCN(C(=O)CO)CC4)cc3OC)ncc2C(F)(F)F)c1,IC50,10.5,7.978810700930062
CCN1CCN(c2ccc(Nc3nccc(-c4c(-c5cccc(C(=O)Nc6ccccc6F)c5)nc5ccccn45)n3)cc2)CC1,Ki,6.31,8.199970640755865
COc1cc(CO)ccc1-c1cc2c(NCc3ccccc3)ncnc2s1,IC50,5.0,8.301029995663981
COc1cc(C(=O)c2csc(-c3ccc4[nH]ccc4c3)n2)cc(OC)c1OC,IC50,8.0,8.096910013008056
Cc1nc2cnc(Nc3ccnc(-c4cnn(S(=O)(=O)C5CC5)c4)n3)cc2n1C(C)C,Ki,12.0,7.920818753952375
C=CC(=O)N1CCC(N2C(=O)N(c3ccccc3)Cc3cnc(Nc4ccc(N5CCN(C)CC5)c(C)c4)nc32)C1,IC50,9.2,8.036212172654444
C=CC(=O)Nc1cc(Nc2ncc3ncn(-c4ccc(I)cc4)c3n2)c(OC)cc1N(C)CCN(C)C,IC50,4.7,8.327902142064282
CC(C)n1c(Nc2ccc(F)c(Cl)c2)nc2cnc(Nc3ccc(C(=O)NN4CCN(C)CC4)cc3F)nc21,IC50,5.0,8.301029995663981
COc1cc2ncnc(Nc3cccc(Br)c3)c2cc1[N+](=O)[O-],IC50,15.07,7.821886747685368
C#Cc1cccc(Nc2ncnc3cc(OCCOC)c4c(c23)OCCO4)c1,IC50,14.55,7.8371370066780734
CN(C)C/C=C/C(=O)Nc1cccc(-c2c(-c3ccccc3)oc3ncnc(N[C@H](CO)c4ccccc4)c23)c1,IC50,15.0,7.823908740944319
Cc1cccc(Nc2ncnc3cc(NCCCCN(C)C)ncc23)c1,IC50,5.385,8.268814292365999
COc1cc(F)ccc1-c1cc2c(N[C@H](C)c3ccccc3)ncnc2s1,IC50,6.0,8.221848749616356
CC(C)N(C)C/C=C/C(=O)N1CCc2c(sc3ncc(C#N)c(Nc4ccc5c(cnn5Cc5cccc(F)c5)c4)c23)C1,IC50,6.4,8.193820026016112
C=CC(=O)Nc1cccc(-c2c(-c3ccc(N4CCN(C)CC4)cc3)oc3ncnc(N[C@H](CO)c4ccccc4)c23)c1,IC50,5.0,8.301029995663981
C=CC(=O)Nc1cccc(N2C(=O)N(C)Cc3cnc(Nc4ccc(N5CCN(C)CC5)cc4OCC)nc32)c1,IC50,4.41,8.355561410532161
CN(C/C=C/C(=O)Nc1ccc2ncnc(Nc3cccc(Br)c3)c2c1)CCO,IC50,14.0,7.853871964321762
CN1CCN(c2ccc(Nc3cc4c(N[C@@H]5CCCN(C)C5)nc(Nc5ccccc5)nc4cn3)nc2)CC1,IC50,4.7,8.327902142064282
COc1cc(N2CCC(N3CCN(C)CC3)CC2)ccc1Nc1ncc(Cl)c(Nc2ccccc2P(C)(C)=O)n1,IC50,11.0,7.958607314841775
CCOc1cc2ncc(C#N)c(Nc3ccc(OCc4ccc5ccccc5c4)c(Cl)c3)c2cc1NC(=O)/C=C/CN(C)C,IC50,15.0,7.823908740944319
CS(=O)(=O)C[C@H](N)c1ccc(-c2ccc3ncnc(Nc4ccc(OCc5cccc(F)c5)c(Cl)c4)c3c2)o1,IC50,13.5,7.8696662315049934
CS(=O)(=O)CCNCc1cc(-c2cc3ncnc(Nc4ccc(OCc5cccc(F)c5)c(Cl)c4)c3s2)co1,IC50,4.0,8.397940008672037
CC(C)NC/C=C/C(=O)Nc1cc2c(Nc3ccc(F)c(Cl)c3)ncnc2cc1O[C@H]1CCOC1,IC50,7.0,8.154901959985743
C#Cc1cccc(Nc2ncnn3ccc(CN4CCC(N)CC4)c23)c1,IC50,10.0,8.0
COc1cc2ncnc(Nc3cc(Cl)ccc3F)c2cc1OC1CCN(CC(N)=O)CC1,IC50,9.5,8.022276394711152
C=CC(=O)Nc1cccc(-n2c(=O)c(-c3ccccc3)nc3cnc(Nc4ccc(OCCOC)cc4)nc32)c1,IC50,5.1,8.292429823902063
COc1cc2ncnc3c2cc1OCCCCCN(C)Cc1ccc(Br)cc1N3,IC50,10.0,8.0
CCOc1cc2ncc(C#N)c(Nc3ccc(F)c(Cl)c3)c2cc1NC(=O)/C=C/CN(C)CCF,IC50,11.91,7.924088238517222
COc1cccc2c1C(=O)C1=C(C2=O)c2c(O)cc(CO)cc2[C@@H](O)[C@@H]1O,IC50,6.54,8.184422251675732
Cc1cccc(Nc2ncnc3c2sc2ccc([N+](=O)[O-])cc23)c1,IC50,11.0,7.958607314841775
C#Cc1cccc(Nc2ncnc3cc(OC4CCOCC4)c(NC(=O)/C=C/CN(C)C)cc23)c1,IC50,6.0,8.221848749616356
CCNc1ccc2c(Nc3cccc(Br)c3)ncnc2c1,IC50,12.01,7.920456992597094
COCCOc1cc2ncnc(Nc3ccc(C(=O)NC45CC6CC(CC(C6)C4)C5)cc3)c2cc1OCCOC,IC50,7.8149999999999995,8.107071017644794
C=CC(=O)Nc1cccc(-c2c[nH]c3nccc(-c4[nH]c(-c5ccccc5)nc4-c4ccc(F)cc4)c23)c1,IC50,10.5,7.978810700930062
CCOc1cc2ncnc(Nc3ccc(F)c(Cl)c3)c2cc1OC(=O)CCc1cccnc1,IC50,14.0,7.853871964321762
C=CC(=O)N1CC(Oc2cc3c(N[C@H](C)c4ccccc4)ncnc3cc2OC)C1,IC50,10.5,7.978810700930062
C=CC(=O)N1CCC[C@@H](n2nc(-c3ccc(Oc4ccccc4)cc3)c3c(N)ncnc32)C1,IC50,5.6,8.2518119729938
Fc1ccc(Nc2nncc3ccccc23)cc1,IC50,6.0,8.221848749616356
C=CC(=O)Nc1cccc(-n2c(=O)n(C(C)C)c(=O)c3cnc(Nc4ccc(N5CCC(N(C)C)CC5)cc4OC)nc32)c1,IC50,10.4,7.982966660701219
CC(OC(=O)CCCC(=O)N(CCS(C)(=O)=O)Cc1ccc(-c2ccc3ncnc(Nc4ccc(OCc5cccc(F)c5)c(Cl)c4)c3c2)o1)c1cc2c(o1)C(=O)c1ccccc1C2=O,IC50,7.36,8.1331221856625
C=CC(=O)N1CCC(Oc2cc3c(Nc4cccc(Br)c4)ncnc3cc2OC)CC1,IC50,7.1,8.148741651280925
CCOc1cc2ncnc(/C=C/c3ccccc3)c2cc1OCC,IC50,15.0,7.823908740944319
CCS(=O)(=O)Nc1nc(-c2ccc(F)cc2)c(-c2ccnc(Nc3ccc4c(ccn4CCN4CCOCC4)c3)n2)s1,IC50,6.3,8.200659450546418
COc1cc(ON2CCC(C)CC2)c2c(Nc3ccc(OCc4ccccn4)c(Cl)c3)ncnc2c1,IC50,5.0,8.301029995663981
CN1CCC(c2ccc(-c3ccc4c(=O)n(C(C(=O)Nc5nccs5)c5ccccc5)cnc4c3)cc2)CC1,IC50,5.8,8.236572006437063
CN1CCN(c2ccc(Nc3ncnc4cc5oc(=O)n(CCOC(=O)CBr)c5cc34)cc2Cl)CC1,IC50,8.0,8.096910013008056
COc1cc2ncnc(Nc3ccc(C(=O)NC45CC6CC(CC(C6)C4)C5)c(Cl)c3)c2cc1OCCCN1CCOCC1,IC50,5.52,8.2580609222708
C=CC(=O)Nc1cccc(Oc2nc(Nc3ccc(N4CCN(C(=O)NC)CC4)cc3OC)ncc2C(F)(F)F)c1,IC50,10.5,7.978810700930062
C=CC(=O)N1CCC(Oc2cc3c(Nc4cccc(C)c4)ncnc3cc2OC)CC1,IC50,9.3,8.031517051446064
C=CC(=O)Nc1cc(Nc2ncc3ncn(-c4ccc(C(C)C)cc4)c3n2)c(OC)cc1N(C)CCN(C)C,IC50,14.6,7.835647144215563
C=CC(=O)Nc1cc(Nc2ncc3ncn(-c4ccc(F)c(Br)c4)c3n2)c(OC)cc1N(C)CCN(C)C,IC50,6.15,8.211124884224583
COCCOc1cc2ncnc(Nc3ccc(F)c(Cl)c3)c2c2c1OCCO2,IC50,11.8,7.928117992693874
CNc1cc2c(Nc3cccc(C)c3)ncnc2cn1,IC50,11.725,7.930887148612879
O=C(C#CCN1CCOCC1)Nc1ccc2nccc(Oc3ccc(C(=O)Nc4ccccn4)cc3)c2c1,IC50,13.0,7.886056647693163
C=C(F)C(=O)Nc1cc2c(Nc3ccc(Oc4cc5nncn5cn4)c(C)c3)ncnc2cc1OCC,IC50,9.6,8.017728766960431
Cc1cccc(Nc2ncnc3cnc(NCCN4CCOCC4)cc23)c1,IC50,10.75,7.968591535748375
COc1cc(/C=C/C(=O)Nc2cc3c(Nc4ccc(F)c(Cl)c4)ncnc3cc2O[C@@H]2CCOC2)cc(OC)c1OC,IC50,9.0,8.045757490560675
C=CC(=O)Nc1cccc(Nc2nc(Nc3ccc(N4CCCOCC4)cc3OC)ncc2C(F)(F)F)c1,IC50,10.5,7.978810700930062
C=CC(=O)Nc1cc2c(Nc3cc(OC)c(Cl)cc3OC)ncnc2cc1OCCNC(=O)CN(C)C,IC50,14.0,7.853871964321762
OCCSc1nc(-c2ccc(F)cc2)c(-c2ccnc(Nc3ccccc3)c2)[nH]1,IC50,11.0,7.958607314841775
NC(=O)Nc1ccc2ncnc(Nc3ccc(Oc4cccc(C(F)(F)F)c4)c(Cl)c3)c2c1,IC50,4.0,8.397940008672037
OCN(CO)c1c(Br)cccc1Nc1ncnc2ccncc12,IC50,14.13,7.849857838151442
CCN1CCN(CCCC#Cc2c(C)ncnc2Nc2ccc(OCc3cccc(F)c3)c(Cl)c2)CC1,IC50,9.0,8.045757490560675
CN(C)C1CCN(c2ccc(Nc3cc4c(N5CCC(CO)CC5)nc(Nc5ccc(F)cc5)nc4cn3)nc2)CC1,IC50,7.2,8.142667503568731
COc1cc2ncnc(Nc3ccc(OCc4cccc(F)c4)c(Cl)c3)c2cc1OC,IC50,15.0,7.823908740944319
C[C@@H](Nc1ncnc2oc(-c3cccc(O)c3)cc12)c1ccccc1,IC50,4.6,8.337242168318426
Cc1cccc(Nc2ncnc3cc(NCCCN4CCOCC4)ncc23)c1,IC50,9.316500000000001,8.030747211698769
CCC(=O)c1cnc(Nc2ccnc(-c3cnn(S(=O)(=O)C4CC4)c3)n2)cc1N[C@@H](C)CC,IC50,13.0,7.886056647693163
CN(C)Cc1ccc(-c2cc3ncnc(Nc4ccc(OCc5cccc(F)c5)c(Cl)c4)c3s2)[nH]1,IC50,4.0,8.397940008672037
O=C(Nc1cccc(Oc2ccc(Nc3ncnc4ccn(CCOCCO)c34)cc2Cl)c1)NC1CCCCC1,IC50,12.95,7.887730231582729
C=CCCN(C)CCN(C)c1cc(OC)c(Nc2nccc(Nc3cn(C)c4ccccc34)n2)cc1NC(=O)C=C,IC50,13.11,7.8823973083099155
Cc1cccc(Nc2ncnc3ccncc23)c1NCCCN1CCOCC1,IC50,9.333,8.029978734171634
C=CC(=O)N(C)c1cc2c(Nc3cccc(Br)c3)ncnc2cn1,IC50,6.585,8.181444220702197
CN(C)C/C=C/C(=O)N1Cc2sc3ncnc(Nc4ccc(OCc5cccc(F)c5)c(Cl)c4)c3c2C1,IC50,5.0,8.301029995663981
C=CC(=O)Nc1cc2c(Nc3cccc(C)c3)ncnc2cc1OCCCN1CCOCC1,IC50,14.25,7.846185135655471
CC(=O)O[C@H]1CC[C@]2(C)[C@H]3CC=C4[C@@H]5CC(C)(C)CC[C@]5(C(=O)OCCCC[N+](=O)[O-])CC[C@@]4(C)[C@]3(C)CC[C@H]2C1(C)CO,IC50,10.0,8.0
C=CC(=O)Nc1cc(Nc2ncc(I)c(Nc3ccccc3S(=O)(=O)N(C)C)n2)c(OC)cc1N(C)CCN(C)C,IC50,5.0,8.301029995663981
C=CC(=O)N1CCC(C2CCNc3c(C(N)=O)c(-c4ccc(Oc5ccccc5)c(OC)c4)nn32)CC1,IC50,11.0,7.958607314841775
CCN(CC)CC#CC(=O)Nc1ccc2ncnc(Nc3cccc(Br)c3)c2c1,IC50,12.0,7.920818753952375
C=CC(=O)Nc1cccc(Nc2nc(Nc3ccc(OC)c(OC)c3OC)ncc2C(F)(F)F)c1,IC50,10.5,7.978810700930062
N#Cc1ccc(Nc2nncc3ccccc23)cc1,IC50,4.1,8.387216143280265
C=CC(=O)N[C@@H]1CN(c2nc(Nc3cn(C)nc3CC)c3ncn(C(C)C)c3n2)C[C@H]1F,IC50,7.0,8.154901959985743
C[C@@H](Nc1[nH]cnc2nc(-c3ccccc3)cc1-2)c1ccccc1,IC50,6.65,8.177178354696895
C=CC(=O)Nc1cccc(-n2c(=O)cnc3cnc(Nc4ccc(N5CCOCC5)cc4)nc32)c1,IC50,6.95,8.158015195409886
Cc1ccc(Oc2ccc(Nc3ncnc4ccc(-c5cn(CCCCCC(=O)NO)nn5)cc34)cc2C)cn1,IC50,6.4,8.193820026016112
C=CC(=O)Nc1cccc(Nc2nc(Nc3ccc(OC)cc3OC)ncc2C(F)(F)F)c1,IC50,10.5,7.978810700930062
CC(C)N(C)C/C=C/C(=O)N1CCc2sc3ncnc(Nc4ccc(Cl)c(Cl)c4)c3c2C1,IC50,9.2,8.036212172654444
CN(C)C/C=C/C(=O)Nc1ccc2ncnc(Nc3cccc(I)c3)c2c1,IC50,5.0,8.301029995663981
COc1cc2ncnc(Nc3ccc(F)c(Cl)c3)c2cc1OCCCN1CCC2(COC2)C1,IC50,15.0,7.823908740944319
O=C(CCCCl)Nc1ccc2ncnc(Nc3ccc4c(ccn4Cc4cccc(F)c4)c3)c2c1,IC50,6.45,8.190440285364732
C=CC(=O)N1CCCCCCCn2cc(c3ccccc32)-c2ccnc(n2)Nc2cc1c(OCCCF)cc2F,IC50,14.33,7.843753809602656
C=CC(=O)Nc1cccc(Oc2nc(Nc3ccc(OC)c(OC)c3OC)ncc2Cl)c1,IC50,12.75,7.894489815230026
CC1(C)CCc2c(C(C(=O)Nc3nccs3)N3Cc4c(cc(C#Cc5ccc(CN6CCC(CO)CC6)cc5)cc4C(F)F)C3=O)ncn21,IC50,8.0,8.096910013008056
C[C@@H](Nc1ncnc2oc(-c3ccc(NCCN4CCOCC4)cc3)cc12)c1ccccc1,IC50,1.1,8.958607314841775
CCOCCOc1cc2ncnc(Nc3ccc(F)c(Cl)c3)c2cc1NC(=O)/C=C/CN(C)C,IC50,0.69,9.161150909262744
C=CC(=O)N1CCC[C@H](n2nc(-c3ccc(Oc4ccccc4)cc3)c3c(N)ncnc32)C1,IC50,1.2,8.920818753952375
Cc1cc(Nc2ncnc3cc(O)c(NC(=O)/C=C/[C@H]4CCCN4C)cc23)ccc1Oc1ccc2nccn2c1,IC50,2.32,8.6345120151091
C#Cc1cccc(Nc2ncnc3cc(OC)c(OCCCCCN/C(=N\C#N)Nc4ccncc4)cc23)c1,IC50,0.26,9.585026652029182
C=C=CC(=O)Nc1cc(Nc2nccc(-c3c[nH]c4ccccc34)n2)c(OC)cc1N(C)CCN(C)C,IC50,1.85,8.732828271596986
C=CC(=O)Nc1cccc(Oc2nc(Nc3ccc(OC)c(N4CCN(C)CC4)c3)c(C(N)=O)nc2CC)c1,IC50,1.2999999999999998,8.886056647693163
C=CC(=O)Nc1cccc(N2C(=O)N(C3CC3)Cc3cnc(Nc4ccc(N5CCN(C)CC5)cc4OC)nc32)c1,IC50,0.73,9.136677139879545
COc1ccccc1-c1cc2c(N[C@H](CO)c3ccccc3)ncnc2s1,IC50,1.0,9.0
C=CC(=O)N1C[C@H](Nc2nc(Nc3cnn(C)c3)nc3[nH]cc(Cl)c23)[C@@H](F)C1,Ki,3.0,8.522878745280337
Clc1cc(Nc2ncnc3[nH]nc(OCCN4CCOCC4)c23)ccc1OCc1ccccn1,IC50,1.0,9.0
CN(C)CCn1cccc1/C=N/NC(=O)Nc1cc2c(Nc3ccc(F)c(Cl)c3)ncnc2cc1O[C@H]1CCOC1,IC50,2.8249999999999997,8.548981547844543
C[N+](C)(C/C=C/C(=O)Nc1ccc2ncnc(Nc3cccc(Br)c3)c2c1)Cc1ccc([N+](=O)[O-])cc1,IC50,0.22,9.657577319177793
C[C@@H](Nc1ncnc2oc(-c3ccc(O)cc3)cc12)c1ccccc1,IC50,1.5,8.823908740944319
C=CC(=O)Nc1ccc(OC)c(Nc2cc(-c3[nH]c(SC)nc3-c3ccc4ccccc4c3)ccn2)c1,IC50,1.0,9.0
C=CC(=O)Nc1cccc(Oc2cnc(C(N)=O)c(Nc3ccc(N4CCN(C)CC4)cc3)n2)c1,IC50,1.01,8.995678626217357
CC(C)S(=O)(=O)Nc1nc(-c2ccc(F)cc2)c(-c2ccnc(Nc3ccc4c(ccn4CCN(C)C)c3)n2)s1,IC50,3.4,8.468521082957745
C=C=CC(=O)Nc1cc(Nc2nccc(-c3cn(C)c4ccccc34)n2)c(OC)cc1N1CCC(N(C)C)CC1,IC50,3.65,8.437707135543524
CN(CC(O)CO)c1c(Br)cccc1Nc1ncnc2ccncc12,IC50,3.236,8.489991487059765
CNc1ncc2ncnc(Nc3cccc(Br)c3)c2n1,IC50,0.7762,9.110026361596004
C=CC(=O)Nc1ccccc1C1CCNc2c(C(N)=O)c(-c3ccc(OC(F)(F)F)cc3)nn21,IC50,0.46,9.337242168318426
Oc1cccc(Nc2[nH]nc3ncnc(Nc4cccc(Cl)c4)c23)c1,IC50,2.5,8.602059991327963
C=CC(=O)Nc1cccc(N2C(=O)N(c3ccccc3)Cc3cnc(Nc4ccc(N5CCN(C)CC5)cc4OC)nc32)c1,IC50,0.51,9.292429823902063
CCOc1cc2ncnc(Nc3cccc(-c4ccco4)c3)c2cc1OCC,IC50,3.0,8.522878745280337
CN(C)CCNCc1cc(-c2cc3c(N[C@H](CO)c4ccccc4)ncnc3[nH]2)ccc1F,IC50,1.2,8.920818753952375
C=CC(=O)Oc1cc2c(Nc3ccc(Cl)c(Cl)c3F)ncnc2cc1OC,IC50,0.54,9.267606240177031
COc1cc2c(Nc3cccc(Br)c3)ncnc2cc1OCCCCCn1ccnc1[N+](=O)[O-],IC50,0.33,9.481486060122112
COc1cc(C(N)=O)ccc1-c1cc2c(N[C@H](C)c3ccccc3)ncnc2[nH]1,IC50,0.4,9.397940008672037
COc1cc2ncnc(Nc3cccc(Br)c3)c2c(OC)c1OC,IC50,0.67,9.173925197299173
C=CC(=O)Nc1cccc(-c2c(N)ncnc2Nc2ccc(Oc3ccccc3)cc2)c1,IC50,1.0,9.0
CCS(=O)(=O)Nc1nc(-c2ccc(F)cc2)c(-c2ccnc(Nc3ccc(N4CCN(C)CC4)c(C)c3)n2)s1,IC50,3.6,8.443697499232712
c1ccc(CCCN(c2cc3ncnc(Nc4ccc5[nH]ccc5c4)c3s2)n2ccnc2)cc1,IC50,3.0,8.522878745280337
c1ccc(-c2cccc(Nc3ncnc4cc5c(cc34)OCO5)c2)cc1,IC50,2.0,8.698970004336019
C=CC(=O)Nc1cccc(Oc2nc(Nc3ccc(N4CCN(C)[C@@H](C)C4)cc3)c(C(N)=O)nc2CC)c1,IC50,1.5,8.823908740944319
COc1ccc(-c2cc3c(N[C@H](CO)c4ccccc4)ncnc3o2)cc1,IC50,2.7,8.568636235841012
C=CC(=O)Nc1cc2c(Nc3cccc(Br)c3)ncnc2cc1OCCCN1CCN(C)CC1,IC50,2.35,8.628932137728263
C=CC(=O)Nc1cccc(-n2c(=O)cnc3cnc(Nc4ccc(N5CCN(C)CC5)cc4)nc32)c1,IC50,1.21,8.91721462968355
O=C(/C=C/C(=O)NCCCn1ccnc1)Cc1cc2c(Nc3cccc(Br)c3)ncnc2cn1,IC50,0.5623,9.250031916490597
CC(C)C(C)C/C=C/C(=O)N1CCc2c(sc3ncnc(Nc4cc(O)cc(Cl)c4)c23)C1,IC50,1.0,9.0
C#Cc1cccc(Nc2nc3cnc(Nc4ccc(N5CCN(C)CC5)cc4)nc3n2C(C)C)c1,IC50,3.0,8.522878745280337
COc1cc(C(N)=O)ccc1-c1cc2c(N[C@H](CO)c3ccccc3)ncnc2s1,IC50,1.5,8.823908740944319
C=CC(=O)N1CC(Oc2cc3c(Nc4cccc(Cl)c4)ncnc3cc2OC)C1,IC50,2.45,8.610833915635467
C=CC(=O)NCCSc1nc(-c2ccc(F)cc2)c(-c2ccnc(Nc3ccccc3)c2)[nH]1,IC50,2.2,8.657577319177793
COc1cc2c(Nc3cccc(F)c3)ncnc2cc1OCCOCCNC(=O)Cn1cnc([N+](=O)[O-])n1,IC50,3.11,8.507239610973162
CCC(=O)Nc1cccc(-c2c(-c3ccc(N4CCN(C)CC4)cc3)[nH]c3ncnc(OC(C)C)c23)c1,IC50,0.1,10.0
COc1cc(CO)ccc1-c1cc2c(N[C@H](CO)c3ccccc3)ncnc2[nH]1,IC50,0.2,9.698970004336019
COc1cc2ncnc(Nc3ccc(F)c(Cl)c3)c2cc1NC(=O)/C(F)=C\CN1CCOCC1,IC50,0.3,9.522878745280337
COc1cc2ncnc3c2cc1OCCOCCOCCOc1ccc(Cl)cc1N3,IC50,0.7,9.154901959985743
O=C(CCCCCn1cc(-c2ccc3ncnc(Nc4ccc(F)c(Cl)c4)c3c2)nn1)NO,IC50,0.65,9.187086643357144
C=CC(=O)Nc1cccc(-n2c(=O)n(CCc3ccccc3)c(=O)c3cnc(Nc4ccc(N5CCC(N(C)C)CC5)cc4OC)nc32)c1,IC50,0.85,9.070581074285707
Brc1cccc(Nc2ncnc3cnc(NCCc4c[nH]cn4)nc23)c1,IC50,0.2512,9.599980364934842
C[C@@H](Nc1ncnc2[nH]c(-c3ccc(S(C)(=O)=O)cc3)cc12)c1ccccc1,IC50,0.4,9.397940008672037
O=C(Nc1cc2c(Nc3ccc(F)c(Cl)c3)ncnc2cc1O[C@H]1CCOC1)/C(F)=C\CN1CCCCC1,IC50,2.55,8.593459819566045
CN1CCC(c2ccc(-c3ccc4c(c3)CCN(C(C(=O)Nc3nccs3)c3cccc(F)c3)C4=O)cc2)CC1,IC50,2.2,8.657577319177793
CN(C)CCCNC(=O)/C=C/C(=O)Cc1cc2c(Nc3cccc(Br)c3)ncnc2cn1,IC50,1.096,8.96018944585165
COc1ccc(-c2c3c4cc(OCCCN(C)C)c(OCCCN(C)C)cc4[nH]c(=O)c3n3ccc4cc(O)c(OC)cc4c23)cc1O,IC50,3.15,8.5016894462104
O=C(Nc1cccc(-c2nc3sccn3c2-c2ccnc(Nc3ccc(N4CCOCC4)cc3)n2)c1)c1c(F)cccc1F,IC50,1.9,8.721246399047171
COC[C@@H](Nc1ncnc2[nH]c(-c3ccc(CO)cc3OC)cc12)c1ccccc1,IC50,0.5,9.301029995663981
CNC1=CC2N=CN(C)/C(=N\c3cccc(Br)c3)C2C=N1,IC50,3.1,8.508638306165727
C=CC(=O)Nc1cccc(N2C(=O)N(Cc3ccccc3)Cc3cnc(Nc4ccc(N5CCN(C)CC5)cc4OC)nc32)c1,IC50,0.685,9.164309428507574
C=CC(=O)N1CC[C@H](Oc2cc3c(Nc4ccc(F)c(Cl)c4F)ncnc3cc2OC)C[C@H]1C(=O)NCCO,IC50,1.8,8.744727494896694
CN(C)CCCNC(=O)/C=C/C(=O)Cc1ccc2ncnc(Nc3cccc(Br)c3)c2c1,IC50,0.4365,9.36001575195841
C=CC(=O)Nc1cccc(Nc2nc(Nc3ccc(N4CCN(C)CC4)cc3)nc3ccc(F)cc23)c1,IC50,3.5,8.455931955649724
CN(C)CCNCc1ccc(-c2cc3c(N(C)Cc4ccccc4)ncnc3[nH]2)cc1F,IC50,2.0,8.698970004336019
C[C@@H](Nc1ncnc2[nH]c(-c3ccc(NS(C)(=O)=O)cc3)cc12)c1ccccc1,IC50,0.3,9.522878745280337
Cc1cc(Nc2ncnc3[nH]nc(OCCN4CCC(O)CC4)c23)ccc1OCc1cccc(F)c1,IC50,1.0,9.0
OCCNc1cc2c(Nc3cccc(Br)c3)ncnc2cn1,IC50,0.19,9.721246399047171
OCCCc1nc(-c2ccc(F)cc2)c(-c2ccnc3[nH]c(-c4ccccc4)cc23)[nH]1,IC50,3.485,8.457797217565972
C=CC(=O)Nc1cccc(Oc2nc(Nc3ccc(N4CCN(C)[C@H](C)C4)cc3)c(C(N)=O)nc2CC)c1,IC50,1.13,8.94692155651658
C=CC(=O)Nc1ccc(OC)c(Nc2cc(-c3[nH]c(SC)nc3C3CC3)ccn2)c1,IC50,2.3,8.638272163982407
C=CC(=O)N1CCC(Oc2cc3c(Nc4ccc(Cl)c(Cl)c4F)ncnc3cc2O[C@H]2CCN(C)C2)CC1,IC50,1.67,8.777283528852417
C=CC(=O)Nc1cc2c(Nc3ccc(OCc4cccc(F)c4)c(Cl)c3)ncnc2cc1OCc1cn(CCC(=O)NO)nn1,IC50,2.2,8.657577319177793
C=C=CC(=O)Cc1ccc2ncnc(Nc3cccc(Br)c3)c2c1,IC50,1.585,8.79997073344623
COc1cc(N2CCC(N3CC[C@H](N(C)C)C3)CC2)c(C)cc1Nc1ncc(Br)c(Nc2ccc3c(c2P(C)(C)=O)OCCO3)n1,IC50,0.135,9.869666231504993
O=C(CCCCCCn1cc(-c2ccc3ncnc(Nc4ccc(OCc5nccs5)c(Cl)c4)c3c2)nn1)NO,IC50,3.6,8.443697499232712
CC(C)(C)OC(=O)NCC(=O)Nc1ccc2ncnc(Nc3cccc(Br)c3)c2c1,IC50,3.2,8.494850021680094
C=C=CC(=O)Nc1cc(Nc2ncc(OC)c(-c3cn(C)c4ccccc34)n2)c(OC)cc1N(C)CCN(C)C,IC50,3.5,8.455931955649724
COCCOc1cc2ncnc(Nc3ccc(Br)cc3F)c2cc1NC(=O)/C=C/CN(C)C,IC50,3.0,8.522878745280337
CCOC1CN(C2CCN(c3cc(OC)c(Nc4ncc(Br)c(Nc5ccc6ncnn6c5P(C)(C)=O)n4)cc3CC)CC2)C1,IC50,0.785,9.105130343254748
C=CC(=O)Nc1ccc2c(Nc3cccc(Br)c3)ncnc2c1,IC50,0.44835,9.348382825905038
CC1(C)OCc2c(Nc3n[nH]c4c(Cl)cccc34)nc(-c3cn[nH]c3)nc21,Ki,1.3,8.886056647693163
CCOC(=O)/C=C/C(=O)Cc1ccc2ncnc(Nc3cccc(Br)c3)c2c1,IC50,2.692,8.569924944448061
C=CC(=O)N[C@@H]1CN(c2nc(Nc3cn(C)nc3OC)c3ncn(C(C)C)c3n2)C[C@H]1F,IC50,3.5,8.455931955649724
Cc1cccc(Nc2ncnc3cnc(NCCN4CCOCC4)nc23)c1,IC50,2.322,8.634137784597446
C=CC(=O)N1CCC(c2c[nH]c3c(C(N)=O)c(-c4ccc(Oc5ccccc5)cc4)nn23)CC1,IC50,0.25,9.602059991327963
COc1cc(N2CCC(N3CC(C)(CO)C3)CC2)c(C)cc1Nc1ncc(Br)c(Nc2ccc3nccnc3c2P(C)(C)=O)n1,IC50,0.105,9.978810700930062
C#Cc1cccc(Nc2ncnc3cc(OCCO)c(OCCOC)cc23)c1,IC50,1.0,9.0
COc1cc(CNCCN2CCCCC2)ccc1-c1cc2c(N[C@H](CO)c3ccccc3)ncnc2[nH]1,IC50,0.1,10.0
O=C(O)CCCNc1c(Br)cccc1Nc1ncnc2ccncc12,IC50,0.2818,9.550059011226661
CN1CCN(c2ccc(-c3ccc4ncn(C(C(=O)Nc5nccs5)c5ccccc5)c(=O)c4c3)cc2)CC1,IC50,0.9,9.045757490560675
COc1cc2ncnc(Nc3cccc(C(F)(F)F)c3)c2cc1OC,IC50,0.2455,9.609948503541013
O=C1Cc2c(cccc2Oc2ccc(Nc3ncnc4ccn(CCO)c34)cc2Cl)N1,IC50,3.0,8.522878745280337
CC(C)n1cc(C(N)=O)c2cnc(Nc3ccnc(-c4cnn(S(=O)(=O)C5CC5)c4)n3)cc21,Ki,1.2,8.920818753952375
COc1cc2ncnc(Nc3ccc(F)c(Cl)c3)c2cc1OCCCCCCn1ccnc1[N+](=O)[O-],IC50,0.32,9.494850021680094
C#Cc1cccc(Nc2ncnc3cc(OC)c(OCCCCCCCN/C(=N\C#N)Nc4cccnc4)cc23)c1,IC50,0.514,9.289036881004725
C#Cc1cccc(Nc2ncnc3cc(OC)c(NC(=O)/C=C/CN(C)C4CC4)cc23)c1,IC50,3.3,8.481486060122112
Nc1ccc2ncnc(Nc3ccc4[nH]ccc4c3)c2c1,IC50,0.65,9.187086643357144
C=CC(=O)Nc1ccccc1C1CCNc2c(C(N)=O)c(-c3ccc(OC4CCCC4)cc3)nn21,IC50,0.79,9.102372908709558
CCOC1CN(C2CCN(c3cc(OC)c(Nc4ncc(Br)c(Nc5ccc6nccnc6c5P(C)(C)=O)n4)cc3C)CC2)C1,IC50,0.65,9.187086643357144
C=CC(=O)N1CC(Oc2cc3c(Nc4ccc(F)c(Cl)c4)ncnc3cc2OC)C1,IC50,1.3,8.886056647693163
